chapter	section	category_code	category_name_cn	subcategory_code	subcategory_name_cn	diagnosis_code	diagnosis_name_cn	chapter_code	parent_code	is_subtype	subtype_number	code_level	diagnosis_name_en	category_name_en	subcategory_name_en	english_mapping_confidence	who_icd_code	who_name_en	structural_name_en	semantic_name_en	english_mapping_type	semantic_source
11 K00-K93 消化系统疾病	K00-K14 口腔、涎腺和颌疾病	K00	牙发育和出牙疾患	K00.0	无牙症	K00.000	无牙症	K00	K00.0	FALSE		diagnosis	Anodontia	Disorders of tooth development and eruption	Anodontia	HIGH	K00.0	Anodontia	Anodontia	Anodontia	WHO_EXACT	WHO_ICD10
11 K00-K93 消化系统疾病	K00-K14 口腔、涎腺和颌疾病	K00	牙发育和出牙疾患	K00.0	无牙症	K00.000x003	少牙畸形	K00	K00.000	TRUE	003	subtype	Anodontia	Disorders of tooth development and eruption	Anodontia	LOW	K00.0	Anodontia	Anodontia	Oligodontia	LOCAL_SUBTYPE_TRANSLATION	DENTAL_TERMINOLOGY
11 K00-K93 消化系统疾病	K00-K14 口腔、涎腺和颌疾病	K00	牙发育和出牙疾患	K00.0	无牙症	K00.000x004	先天缺牙	K00	K00.000	TRUE	004	subtype	Anodontia	Disorders of tooth development and eruption	Anodontia	LOW	K00.0	Anodontia	Anodontia	Congenital absence of teeth	LOCAL_SUBTYPE_TRANSLATION	DENTAL_TERMINOLOGY
11 K00-K93 消化系统疾病	K00-K14 口腔、涎腺和颌疾病	K00	牙发育和出牙疾患	K00.0	无牙症	K00.001	牙齿发育不全	K00	K00.0	FALSE		diagnosis	Anodontia	Disorders of tooth development and eruption	Anodontia	MEDIUM	K00.0	Anodontia	Anodontia	Dental hypoplasia	CLINICAL_STANDARD	DENTAL_TERMINOLOGY
11 K00-K93 消化系统疾病	K00-K14 口腔、涎腺和颌疾病	K00	牙发育和出牙疾患	K00.0	无牙症	K00.002	牙齿缺少	K00	K00.0	FALSE		diagnosis	Anodontia	Disorders of tooth development and eruption	Anodontia	MEDIUM	K00.0	Anodontia	Anodontia	Hypodontia	CLINICAL_STANDARD	DENTAL_TERMINOLOGY
11 K00-K93 消化系统疾病	K00-K14 口腔、涎腺和颌疾病	K00	牙发育和出牙疾患	K00.1	额外牙[多生牙]	K00.100	额外牙［多生牙］	K00	K00.1	FALSE		diagnosis	Supernumerary teeth	Disorders of tooth development and eruption	Supernumerary teeth	HIGH	K00.1	Supernumerary teeth	Supernumerary teeth	Supernumerary teeth	WHO_EXACT	WHO_ICD10
11 K00-K93 消化系统疾病	K00-K14 口腔、涎腺和颌疾病	K00	牙发育和出牙疾患	K00.1	额外牙[多生牙]	K00.100x001	多生牙	K00	K00.100	TRUE	001	subtype	Supernumerary teeth	Disorders of tooth development and eruption	Supernumerary teeth	LOW	K00.1	Supernumerary teeth	Supernumerary teeth	Supernumerary teeth	LOCAL_SUBTYPE_TRANSLATION	DENTAL_TERMINOLOGY
11 K00-K93 消化系统疾病	K00-K14 口腔、涎腺和颌疾病	K00	牙发育和出牙疾患	K00.1	额外牙[多生牙]	K00.101	第四臼齿	K00	K00.1	FALSE		diagnosis	Supernumerary teeth	Disorders of tooth development and eruption	Supernumerary teeth	MEDIUM	K00.1	Supernumerary teeth	Supernumerary teeth	Fourth molar	CLINICAL_STANDARD	DENTAL_TERMINOLOGY
11 K00-K93 消化系统疾病	K00-K14 口腔、涎腺和颌疾病	K00	牙发育和出牙疾患	K00.2	牙齿大小和形状异常	K00.200	牙齿大小和形状异常	K00	K00.2	FALSE		diagnosis	Abnormalities of size and form of teeth	Disorders of tooth development and eruption	Abnormalities of size and form of teeth	HIGH	K00.2	Abnormalities of size and form of teeth	Abnormalities of size and form of teeth	Abnormalities of size and form of teeth	WHO_EXACT	WHO_ICD10
11 K00-K93 消化系统疾病	K00-K14 口腔、涎腺和颌疾病	K00	牙发育和出牙疾患	K00.2	牙齿大小和形状异常	K00.200x001	巨牙症	K00	K00.200	TRUE	001	subtype	Abnormalities of size and form of teeth	Disorders of tooth development and eruption	Abnormalities of size and form of teeth	LOW	K00.2	Abnormalities of size and form of teeth	Abnormalities of size and form of teeth	Macrodontia	LOCAL_SUBTYPE_TRANSLATION	DENTAL_TERMINOLOGY
11 K00-K93 消化系统疾病	K00-K14 口腔、涎腺和颌疾病	K00	牙发育和出牙疾患	K00.2	牙齿大小和形状异常	K00.200x002	釉珠	K00	K00.200	TRUE	002	subtype	Abnormalities of size and form of teeth	Disorders of tooth development and eruption	Abnormalities of size and form of teeth	LOW	K00.2	Abnormalities of size and form of teeth	Abnormalities of size and form of teeth	Enamel pearl	LOCAL_SUBTYPE_TRANSLATION	DENTAL_TERMINOLOGY
11 K00-K93 消化系统疾病	K00-K14 口腔、涎腺和颌疾病	K00	牙发育和出牙疾患	K00.2	牙齿大小和形状异常	K00.200x003	过小牙	K00	K00.200	TRUE	003	subtype	Abnormalities of size and form of teeth	Disorders of tooth development and eruption	Abnormalities of size and form of teeth	LOW	K00.2	Abnormalities of size and form of teeth	Abnormalities of size and form of teeth	Microdontia	LOCAL_SUBTYPE_TRANSLATION	DENTAL_TERMINOLOGY
11 K00-K93 消化系统疾病	K00-K14 口腔、涎腺和颌疾病	K00	牙发育和出牙疾患	K00.2	牙齿大小和形状异常	K00.200x005	牛牙症	K00	K00.200	TRUE	005	subtype	Abnormalities of size and form of teeth	Disorders of tooth development and eruption	Abnormalities of size and form of teeth	LOW	K00.2	Abnormalities of size and form of teeth	Abnormalities of size and form of teeth	Taurodontism	LOCAL_SUBTYPE_TRANSLATION	DENTAL_TERMINOLOGY
11 K00-K93 消化系统疾病	K00-K14 口腔、涎腺和颌疾病	K00	牙发育和出牙疾患	K00.2	牙齿大小和形状异常	K00.200x009	畸形中央尖	K00	K00.200	TRUE	009	subtype	Abnormalities of size and form of teeth	Disorders of tooth development and eruption	Abnormalities of size and form of teeth	LOW	K00.2	Abnormalities of size and form of teeth	Abnormalities of size and form of teeth	Dens evaginatus	LOCAL_SUBTYPE_TRANSLATION	DENTAL_TERMINOLOGY
11 K00-K93 消化系统疾病	K00-K14 口腔、涎腺和颌疾病	K00	牙发育和出牙疾患	K00.2	牙齿大小和形状异常	K00.200x010	牙内陷	K00	K00.200	TRUE	010	subtype	Abnormalities of size and form of teeth	Disorders of tooth development and eruption	Abnormalities of size and form of teeth	LOW	K00.2	Abnormalities of size and form of teeth	Abnormalities of size and form of teeth	Dens invaginatus	LOCAL_SUBTYPE_TRANSLATION	DENTAL_TERMINOLOGY
11 K00-K93 消化系统疾病	K00-K14 口腔、涎腺和颌疾病	K00	牙发育和出牙疾患	K00.2	牙齿大小和形状异常	K00.201	双生牙	K00	K00.2	FALSE		diagnosis	Abnormalities of size and form of teeth	Disorders of tooth development and eruption	Abnormalities of size and form of teeth	MEDIUM	K00.2	Abnormalities of size and form of teeth	Abnormalities of size and form of teeth	Geminated tooth	CLINICAL_STANDARD	DENTAL_TERMINOLOGY
11 K00-K93 消化系统疾病	K00-K14 口腔、涎腺和颌疾病	K00	牙发育和出牙疾患	K00.2	牙齿大小和形状异常	K00.202	结合齿	K00	K00.2	FALSE		diagnosis	Abnormalities of size and form of teeth	Disorders of tooth development and eruption	Abnormalities of size and form of teeth	MEDIUM	K00.2	Abnormalities of size and form of teeth	Abnormalities of size and form of teeth	Concrescence of teeth	CLINICAL_STANDARD	DENTAL_TERMINOLOGY
11 K00-K93 消化系统疾病	K00-K14 口腔、涎腺和颌疾病	K00	牙发育和出牙疾患	K00.2	牙齿大小和形状异常	K00.203	套叠齿	K00	K00.2	FALSE		diagnosis	Abnormalities of size and form of teeth	Disorders of tooth development and eruption	Abnormalities of size and form of teeth	MEDIUM	K00.2	Abnormalities of size and form of teeth	Abnormalities of size and form of teeth	Dens invaginatus	CLINICAL_STANDARD	DENTAL_TERMINOLOGY
11 K00-K93 消化系统疾病	K00-K14 口腔、涎腺和颌疾病	K00	牙发育和出牙疾患	K00.2	牙齿大小和形状异常	K00.204	融合齿	K00	K00.2	FALSE		diagnosis	Abnormalities of size and form of teeth	Disorders of tooth development and eruption	Abnormalities of size and form of teeth	MEDIUM	K00.2	Abnormalities of size and form of teeth	Abnormalities of size and form of teeth	Fusion of teeth	CLINICAL_STANDARD	DENTAL_TERMINOLOGY
11 K00-K93 消化系统疾病	K00-K14 口腔、涎腺和颌疾病	K00	牙发育和出牙疾患	K00.2	牙齿大小和形状异常	K00.205	圆锥齿	K00	K00.2	FALSE		diagnosis	Abnormalities of size and form of teeth	Disorders of tooth development and eruption	Abnormalities of size and form of teeth	MEDIUM	K00.2	Abnormalities of size and form of teeth	Abnormalities of size and form of teeth	Conical tooth	CLINICAL_STANDARD	DENTAL_TERMINOLOGY
11 K00-K93 消化系统疾病	K00-K14 口腔、涎腺和颌疾病	K00	牙发育和出牙疾患	K00.2	牙齿大小和形状异常	K00.206	齿前突	K00	K00.2	FALSE		diagnosis	Abnormalities of size and form of teeth	Disorders of tooth development and eruption	Abnormalities of size and form of teeth	MEDIUM	K00.2	Abnormalities of size and form of teeth	Abnormalities of size and form of teeth	Dens evaginatus	CLINICAL_STANDARD	DENTAL_TERMINOLOGY
11 K00-K93 消化系统疾病	K00-K14 口腔、涎腺和颌疾病	K00	牙发育和出牙疾患	K00.2	牙齿大小和形状异常	K00.207	齿中突	K00	K00.2	FALSE		diagnosis	Abnormalities of size and form of teeth	Disorders of tooth development and eruption	Abnormalities of size and form of teeth	MEDIUM	K00.2	Abnormalities of size and form of teeth	Abnormalities of size and form of teeth	Dens invaginatus	CLINICAL_STANDARD	DENTAL_TERMINOLOGY
11 K00-K93 消化系统疾病	K00-K14 口腔、涎腺和颌疾病	K00	牙发育和出牙疾患	K00.3	斑釉牙	K00.300	斑釉牙	K00	K00.3	FALSE		diagnosis	Mottled teeth	Disorders of tooth development and eruption	Mottled teeth	HIGH	K00.3	Mottled teeth	Mottled teeth	Mottled teeth	WHO_EXACT	WHO_ICD10
11 K00-K93 消化系统疾病	K00-K14 口腔、涎腺和颌疾病	K00	牙发育和出牙疾患	K00.3	斑釉牙	K00.300x002	无氟釉质不透明	K00	K00.300	TRUE	002	subtype	Mottled teeth	Disorders of tooth development and eruption	Mottled teeth	LOW	K00.3	Mottled teeth	Mottled teeth	Non-fluoride enamel opacity	LOCAL_SUBTYPE_TRANSLATION	DENTAL_TERMINOLOGY
11 K00-K93 消化系统疾病	K00-K14 口腔、涎腺和颌疾病	K00	牙发育和出牙疾患	K00.3	斑釉牙	K00.301	氟牙症	K00	K00.3	FALSE		diagnosis	Mottled teeth	Disorders of tooth development and eruption	Mottled teeth	MEDIUM	K00.3	Mottled teeth	Mottled teeth	Dental fluorosis	CLINICAL_STANDARD	DENTAL_TERMINOLOGY
11 K00-K93 消化系统疾病	K00-K14 口腔、涎腺和颌疾病	K00	牙发育和出牙疾患	K00.4	牙形成障碍	K00.400	牙形成障碍	K00	K00.4	FALSE		diagnosis	Disturbances in tooth formation	Disorders of tooth development and eruption	Disturbances in tooth formation	HIGH	K00.4	Disturbances in tooth formation	Disturbances in tooth formation	Disturbances in tooth formation	WHO_EXACT	WHO_ICD10
11 K00-K93 消化系统疾病	K00-K14 口腔、涎腺和颌疾病	K00	牙发育和出牙疾患	K00.4	牙形成障碍	K00.400x001	弯曲牙	K00	K00.400	TRUE	001	subtype	Disturbances in tooth formation	Disorders of tooth development and eruption	Disturbances in tooth formation	LOW	K00.4	Disturbances in tooth formation	Disturbances in tooth formation	Dilacerated tooth	LOCAL_SUBTYPE_TRANSLATION	DENTAL_TERMINOLOGY
11 K00-K93 消化系统疾病	K00-K14 口腔、涎腺和颌疾病	K00	牙发育和出牙疾患	K00.4	牙形成障碍	K00.400x002	特奈牙	K00	K00.400	TRUE	002	subtype	Disturbances in tooth formation	Disorders of tooth development and eruption	Disturbances in tooth formation	LOW	K00.4	Disturbances in tooth formation	Disturbances in tooth formation	Turner tooth	LOCAL_SUBTYPE_TRANSLATION	DENTAL_TERMINOLOGY
11 K00-K93 消化系统疾病	K00-K14 口腔、涎腺和颌疾病	K00	牙发育和出牙疾患	K00.4	牙形成障碍	K00.400x004	牙根发育不良	K00	K00.400	TRUE	004	subtype	Disturbances in tooth formation	Disorders of tooth development and eruption	Disturbances in tooth formation	LOW	K00.4	Disturbances in tooth formation	Disturbances in tooth formation	Root dysplasia	LOCAL_SUBTYPE_TRANSLATION	DENTAL_TERMINOLOGY
11 K00-K93 消化系统疾病	K00-K14 口腔、涎腺和颌疾病	K00	牙发育和出牙疾患	K00.4	牙形成障碍	K00.401	区域性牙齿发育异常	K00	K00.4	FALSE		diagnosis	Disturbances in tooth formation	Disorders of tooth development and eruption	Disturbances in tooth formation	MEDIUM	K00.4	Disturbances in tooth formation	Disturbances in tooth formation	Regional odontodysplasia	CLINICAL_STANDARD	DENTAL_TERMINOLOGY
11 K00-K93 消化系统疾病	K00-K14 口腔、涎腺和颌疾病	K00	牙发育和出牙疾患	K00.4	牙形成障碍	K00.402	釉质发育不全（新生儿）（生后）（生前）	K00	K00.4	FALSE		diagnosis	Disturbances in tooth formation	Disorders of tooth development and eruption	Disturbances in tooth formation	MEDIUM	K00.4	Disturbances in tooth formation	Disturbances in tooth formation	Enamel hypoplasia	CLINICAL_STANDARD	DENTAL_TERMINOLOGY
11 K00-K93 消化系统疾病	K00-K14 口腔、涎腺和颌疾病	K00	牙发育和出牙疾患	K00.5	遗传性牙结构紊乱，不可归类在他处者	K00.500	遗传性牙结构紊乱，不可归类在他处者	K00	K00.5	FALSE		diagnosis	Hereditary disturbances in tooth structure, not elsewhere classified	Disorders of tooth development and eruption	Hereditary disturbances in tooth structure, not elsewhere classified	HIGH	K00.5	Hereditary disturbances in tooth structure, not elsewhere classified	Hereditary disturbances in tooth structure, not elsewhere classified	Hereditary disturbances in tooth structure, not elsewhere classified	WHO_EXACT	WHO_ICD10
11 K00-K93 消化系统疾病	K00-K14 口腔、涎腺和颌疾病	K00	牙发育和出牙疾患	K00.5	遗传性牙结构紊乱，不可归类在他处者	K00.500x002	壳状牙	K00	K00.500	TRUE	002	subtype	Hereditary disturbances in tooth structure, not elsewhere classified	Disorders of tooth development and eruption	Hereditary disturbances in tooth structure, not elsewhere classified	LOW	K00.5	Hereditary disturbances in tooth structure, not elsewhere classified	Hereditary disturbances in tooth structure, not elsewhere classified	Shell teeth	LOCAL_SUBTYPE_TRANSLATION	DENTAL_TERMINOLOGY
11 K00-K93 消化系统疾病	K00-K14 口腔、涎腺和颌疾病	K00	牙发育和出牙疾患	K00.5	遗传性牙结构紊乱，不可归类在他处者	K00.501	牙本质发育不全	K00	K00.5	FALSE		diagnosis	Hereditary disturbances in tooth structure, not elsewhere classified	Disorders of tooth development and eruption	Hereditary disturbances in tooth structure, not elsewhere classified	MEDIUM	K00.5	Hereditary disturbances in tooth structure, not elsewhere classified	Hereditary disturbances in tooth structure, not elsewhere classified	Dentinogenesis imperfecta	CLINICAL_STANDARD	DENTAL_TERMINOLOGY
11 K00-K93 消化系统疾病	K00-K14 口腔、涎腺和颌疾病	K00	牙发育和出牙疾患	K00.5	遗传性牙结构紊乱，不可归类在他处者	K00.502	牙生长不全	K00	K00.5	FALSE		diagnosis	Hereditary disturbances in tooth structure, not elsewhere classified	Disorders of tooth development and eruption	Hereditary disturbances in tooth structure, not elsewhere classified	MEDIUM	K00.5	Hereditary disturbances in tooth structure, not elsewhere classified	Hereditary disturbances in tooth structure, not elsewhere classified	Odontogenesis imperfecta	CLINICAL_STANDARD	DENTAL_TERMINOLOGY
11 K00-K93 消化系统疾病	K00-K14 口腔、涎腺和颌疾病	K00	牙发育和出牙疾患	K00.5	遗传性牙结构紊乱，不可归类在他处者	K00.503	釉质发生不全	K00	K00.5	FALSE		diagnosis	Hereditary disturbances in tooth structure, not elsewhere classified	Disorders of tooth development and eruption	Hereditary disturbances in tooth structure, not elsewhere classified	MEDIUM	K00.5	Hereditary disturbances in tooth structure, not elsewhere classified	Hereditary disturbances in tooth structure, not elsewhere classified	Amelogenesis imperfecta	CLINICAL_STANDARD	DENTAL_TERMINOLOGY
11 K00-K93 消化系统疾病	K00-K14 口腔、涎腺和颌疾病	K00	牙发育和出牙疾患	K00.6	牙萌出障碍	K00.600	牙萌出障碍	K00	K00.6	FALSE		diagnosis	Disturbances in tooth eruption	Disorders of tooth development and eruption	Disturbances in tooth eruption	HIGH	K00.6	Disturbances in tooth eruption	Disturbances in tooth eruption	Disturbances in tooth eruption	WHO_EXACT	WHO_ICD10
11 K00-K93 消化系统疾病	K00-K14 口腔、涎腺和颌疾病	K00	牙发育和出牙疾患	K00.6	牙萌出障碍	K00.600x002	诞生牙	K00	K00.600	TRUE	002	subtype	Disturbances in tooth eruption	Disorders of tooth development and eruption	Disturbances in tooth eruption	LOW	K00.6	Disturbances in tooth eruption	Disturbances in tooth eruption	Natal tooth	LOCAL_SUBTYPE_TRANSLATION	DENTAL_TERMINOLOGY
11 K00-K93 消化系统疾病	K00-K14 口腔、涎腺和颌疾病	K00	牙发育和出牙疾患	K00.6	牙萌出障碍	K00.600x006	恒牙萌出过迟	K00	K00.600	TRUE	006	subtype	Disturbances in tooth eruption	Disorders of tooth development and eruption	Disturbances in tooth eruption	LOW	K00.6	Disturbances in tooth eruption	Disturbances in tooth eruption	Delayed eruption of permanent teeth	LOCAL_SUBTYPE_TRANSLATION	DENTAL_TERMINOLOGY
11 K00-K93 消化系统疾病	K00-K14 口腔、涎腺和颌疾病	K00	牙发育和出牙疾患	K00.6	牙萌出障碍	K00.600x007	恒牙早萌	K00	K00.600	TRUE	007	subtype	Disturbances in tooth eruption	Disorders of tooth development and eruption	Disturbances in tooth eruption	LOW	K00.6	Disturbances in tooth eruption	Disturbances in tooth eruption	Premature eruption of permanent teeth	LOCAL_SUBTYPE_TRANSLATION	DENTAL_TERMINOLOGY
11 K00-K93 消化系统疾病	K00-K14 口腔、涎腺和颌疾病	K00	牙发育和出牙疾患	K00.6	牙萌出障碍	K00.600x008	低位乳牙	K00	K00.600	TRUE	008	subtype	Disturbances in tooth eruption	Disorders of tooth development and eruption	Disturbances in tooth eruption	LOW	K00.6	Disturbances in tooth eruption	Disturbances in tooth eruption	Infraoccluded primary tooth	LOCAL_SUBTYPE_TRANSLATION	DENTAL_TERMINOLOGY
11 K00-K93 消化系统疾病	K00-K14 口腔、涎腺和颌疾病	K00	牙发育和出牙疾患	K00.6	牙萌出障碍	K00.601	个别乳磨牙早失	K00	K00.6	FALSE		diagnosis	Disturbances in tooth eruption	Disorders of tooth development and eruption	Disturbances in tooth eruption	MEDIUM	K00.6	Disturbances in tooth eruption	Disturbances in tooth eruption	Premature loss of primary molar	CLINICAL_STANDARD	DENTAL_TERMINOLOGY
11 K00-K93 消化系统疾病	K00-K14 口腔、涎腺和颌疾病	K00	牙发育和出牙疾患	K00.6	牙萌出障碍	K00.602	新生儿牙	K00	K00.6	FALSE		diagnosis	Disturbances in tooth eruption	Disorders of tooth development and eruption	Disturbances in tooth eruption	MEDIUM	K00.6	Disturbances in tooth eruption	Disturbances in tooth eruption	Neonatal tooth	CLINICAL_STANDARD	DENTAL_TERMINOLOGY
11 K00-K93 消化系统疾病	K00-K14 口腔、涎腺和颌疾病	K00	牙发育和出牙疾患	K00.6	牙萌出障碍	K00.603	牙齿萌出过早	K00	K00.6	FALSE		diagnosis	Disturbances in tooth eruption	Disorders of tooth development and eruption	Disturbances in tooth eruption	MEDIUM	K00.6	Disturbances in tooth eruption	Disturbances in tooth eruption	Premature tooth eruption	CLINICAL_STANDARD	DENTAL_TERMINOLOGY
11 K00-K93 消化系统疾病	K00-K14 口腔、涎腺和颌疾病	K00	牙发育和出牙疾患	K00.6	牙萌出障碍	K00.604	牙齿萌出过晚	K00	K00.6	FALSE		diagnosis	Disturbances in tooth eruption	Disorders of tooth development and eruption	Disturbances in tooth eruption	MEDIUM	K00.6	Disturbances in tooth eruption	Disturbances in tooth eruption	Delayed tooth eruption	CLINICAL_STANDARD	DENTAL_TERMINOLOGY
11 K00-K93 消化系统疾病	K00-K14 口腔、涎腺和颌疾病	K00	牙发育和出牙疾患	K00.6	牙萌出障碍	K00.605	乳齿过早脱落	K00	K00.6	FALSE		diagnosis	Disturbances in tooth eruption	Disorders of tooth development and eruption	Disturbances in tooth eruption	MEDIUM	K00.6	Disturbances in tooth eruption	Disturbances in tooth eruption	Premature loss of deciduous teeth	CLINICAL_STANDARD	DENTAL_TERMINOLOGY
11 K00-K93 消化系统疾病	K00-K14 口腔、涎腺和颌疾病	K00	牙发育和出牙疾患	K00.6	牙萌出障碍	K00.608	乳牙滞留	K00	K00.6	FALSE		diagnosis	Disturbances in tooth eruption	Disorders of tooth development and eruption	Disturbances in tooth eruption	MEDIUM	K00.6	Disturbances in tooth eruption	Disturbances in tooth eruption	Retained deciduous tooth	CLINICAL_STANDARD	DENTAL_TERMINOLOGY
11 K00-K93 消化系统疾病	K00-K14 口腔、涎腺和颌疾病	K00	牙发育和出牙疾患	K00.7	出牙综合征	K00.700	出牙综合征	K00	K00.7	FALSE		diagnosis	Teething syndrome	Disorders of tooth development and eruption	Teething syndrome	HIGH	K00.7	Teething syndrome	Teething syndrome	Teething syndrome	WHO_EXACT	WHO_ICD10
11 K00-K93 消化系统疾病	K00-K14 口腔、涎腺和颌疾病	K00	牙发育和出牙疾患	K00.8	牙发育的其他疾患	K00.800	牙发育的其他疾患	K00	K00.8	FALSE		diagnosis	Other disorders of tooth development	Disorders of tooth development and eruption	Other disorders of tooth development	HIGH	K00.8	Other disorders of tooth development	Other disorders of tooth development	Other disorders of tooth development	WHO_EXACT	WHO_ICD10
11 K00-K93 消化系统疾病	K00-K14 口腔、涎腺和颌疾病	K00	牙发育和出牙疾患	K00.8	牙发育的其他疾患	K00.800x002	四环素牙	K00	K00.800	TRUE	002	subtype	Other disorders of tooth development	Disorders of tooth development and eruption	Other disorders of tooth development	LOW	K00.8	Other disorders of tooth development	Other disorders of tooth development	Tetracycline-stained teeth	LOCAL_SUBTYPE_TRANSLATION	DENTAL_TERMINOLOGY
11 K00-K93 消化系统疾病	K00-K14 口腔、涎腺和颌疾病	K00	牙发育和出牙疾患	K00.8	牙发育的其他疾患	K00.801	牙齿形成期间颜色改变	K00	K00.8	FALSE		diagnosis	Other disorders of tooth development	Disorders of tooth development and eruption	Other disorders of tooth development	MEDIUM	K00.8	Other disorders of tooth development	Other disorders of tooth development	Intrinsic tooth discoloration during tooth formation	CLINICAL_STANDARD	DENTAL_TERMINOLOGY
11 K00-K93 消化系统疾病	K00-K14 口腔、涎腺和颌疾病	K00	牙发育和出牙疾患	K00.9	未特指的牙发育疾患	K00.900	牙发育疾患	K00	K00.9	FALSE		diagnosis	Disorder of tooth development, unspecified	Disorders of tooth development and eruption	Disorder of tooth development, unspecified	HIGH	K00.9	Disorder of tooth development, unspecified	Disorder of tooth development, unspecified	Disorder of tooth development, unspecified	WHO_EXACT	WHO_ICD10
11 K00-K93 消化系统疾病	K00-K14 口腔、涎腺和颌疾病	K01	埋伏牙和阻生牙	K01.0	埋伏牙	K01.000	埋伏牙	K01	K01.0	FALSE		diagnosis	Embedded teeth	Embedded and impacted teeth	Embedded teeth	HIGH	K01.0	Embedded teeth	Embedded teeth	Embedded teeth	WHO_EXACT	WHO_ICD10
11 K00-K93 消化系统疾病	K00-K14 口腔、涎腺和颌疾病	K01	埋伏牙和阻生牙	K01.1	阻生牙	K01.100	阻生牙	K01	K01.1	FALSE		diagnosis	Impacted teeth	Embedded and impacted teeth	Impacted teeth	HIGH	K01.1	Impacted teeth	Impacted teeth	Impacted teeth	WHO_EXACT	WHO_ICD10
11 K00-K93 消化系统疾病	K00-K14 口腔、涎腺和颌疾病	K02	龋（牙）	K02.0	牙釉质龋	K02.000	牙釉质龋	K02	K02.0	FALSE		diagnosis	Caries limited to enamel	Dental caries	Caries limited to enamel	HIGH	K02.0	Caries limited to enamel	Caries limited to enamel	Caries limited to enamel	WHO_EXACT	WHO_ICD10
11 K00-K93 消化系统疾病	K00-K14 口腔、涎腺和颌疾病	K02	龋（牙）	K02.0	牙釉质龋	K02.001	牙齿白斑点损害	K02	K02.0	FALSE		diagnosis	Caries limited to enamel	Dental caries	Caries limited to enamel	MEDIUM	K02.0	Caries limited to enamel	Caries limited to enamel	White spot lesion of tooth	CLINICAL_STANDARD	DENTAL_TERMINOLOGY
11 K00-K93 消化系统疾病	K00-K14 口腔、涎腺和颌疾病	K02	龋（牙）	K02.1	牙本质龋	K02.100	牙本质龋	K02	K02.1	FALSE		diagnosis	Caries of dentine	Dental caries	Caries of dentine	HIGH	K02.1	Caries of dentine	Caries of dentine	Caries of dentine	WHO_EXACT	WHO_ICD10
11 K00-K93 消化系统疾病	K00-K14 口腔、涎腺和颌疾病	K02	龋（牙）	K02.1	牙本质龋	K02.101	乳牙中龋	K02	K02.1	FALSE		diagnosis	Caries of dentine	Dental caries	Caries of dentine	MEDIUM	K02.1	Caries of dentine	Caries of dentine	Moderate caries of primary teeth	CLINICAL_STANDARD	DENTAL_TERMINOLOGY
11 K00-K93 消化系统疾病	K00-K14 口腔、涎腺和颌疾病	K02	龋（牙）	K02.2	牙骨质龋	K02.200	牙骨质龋	K02	K02.2	FALSE		diagnosis	Caries of cementum	Dental caries	Caries of cementum	HIGH	K02.2	Caries of cementum	Caries of cementum	Caries of cementum	WHO_EXACT	WHO_ICD10
11 K00-K93 消化系统疾病	K00-K14 口腔、涎腺和颌疾病	K02	龋（牙）	K02.3	静止龋	K02.300	静止龋	K02	K02.3	FALSE		diagnosis	Arrested dental caries	Dental caries	Arrested dental caries	HIGH	K02.3	Arrested dental caries	Arrested dental caries	Arrested dental caries	WHO_EXACT	WHO_ICD10
11 K00-K93 消化系统疾病	K00-K14 口腔、涎腺和颌疾病	K02	龋（牙）	K02.4	牙折断	K02.400	牙折裂	K02	K02.4	FALSE		diagnosis	Odontoclasia	Dental caries	Odontoclasia	HIGH	K02.4	Odontoclasia	Odontoclasia	Odontoclasia	WHO_EXACT	WHO_ICD10
11 K00-K93 消化系统疾病	K00-K14 口腔、涎腺和颌疾病	K02	龋（牙）	K02.4	牙折断	K02.400x001	牙折断	K02	K02.400	TRUE	001	subtype	Odontoclasia	Dental caries	Odontoclasia	LOW	K02.4	Odontoclasia	Odontoclasia	Fractured tooth	LOCAL_SUBTYPE_TRANSLATION	DENTAL_TERMINOLOGY
11 K00-K93 消化系统疾病	K00-K14 口腔、涎腺和颌疾病	K02	龋（牙）	K02.4	牙折断	K02.400x002	婴儿黑牙病	K02	K02.400	TRUE	002	subtype	Odontoclasia	Dental caries	Odontoclasia	LOW	K02.4	Odontoclasia	Odontoclasia	Infantile melanodontia	LOCAL_SUBTYPE_TRANSLATION	DENTAL_TERMINOLOGY
11 K00-K93 消化系统疾病	K00-K14 口腔、涎腺和颌疾病	K02	龋（牙）	K02.4	牙折断	K02.400x003	黑牙折断	K02	K02.400	TRUE	003	subtype	Odontoclasia	Dental caries	Odontoclasia	LOW	K02.4	Odontoclasia	Odontoclasia	Fracture of black tooth	LOCAL_SUBTYPE_TRANSLATION	DENTAL_TERMINOLOGY
11 K00-K93 消化系统疾病	K00-K14 口腔、涎腺和颌疾病	K02	龋（牙）	K02.5	牙髓暴露龋	K02.500	龋齿伴牙髓暴露	K02	K02.5	FALSE		diagnosis	Caries with pulp exposure	Dental caries	Caries with pulp exposure	HIGH	K02.5	Caries with pulp exposure	Caries with pulp exposure	Caries with pulp exposure	WHO_EXACT	WHO_ICD10
11 K00-K93 消化系统疾病	K00-K14 口腔、涎腺和颌疾病	K02	龋（牙）	K02.8	其他的龋（牙）	K02.800	龋（牙），其他的	K02	K02.8	FALSE		diagnosis	Other dental caries	Dental caries	Other dental caries	HIGH	K02.8	Other dental caries	Other dental caries	Other dental caries	WHO_EXACT	WHO_ICD10
11 K00-K93 消化系统疾病	K00-K14 口腔、涎腺和颌疾病	K02	龋（牙）	K02.8	其他的龋（牙）	K02.800x001	继发龋	K02	K02.800	TRUE	001	subtype	Other dental caries	Dental caries	Other dental caries	LOW	K02.8	Other dental caries	Other dental caries	Secondary caries	LOCAL_SUBTYPE_TRANSLATION	DENTAL_TERMINOLOGY
11 K00-K93 消化系统疾病	K00-K14 口腔、涎腺和颌疾病	K02	龋（牙）	K02.8	其他的龋（牙）	K02.800x002	急性龋	K02	K02.800	TRUE	002	subtype	Other dental caries	Dental caries	Other dental caries	LOW	K02.8	Other dental caries	Other dental caries	Acute dental caries	LOCAL_SUBTYPE_TRANSLATION	DENTAL_TERMINOLOGY
11 K00-K93 消化系统疾病	K00-K14 口腔、涎腺和颌疾病	K02	龋（牙）	K02.8	其他的龋（牙）	K02.800x003	乳牙浅龋	K02	K02.800	TRUE	003	subtype	Other dental caries	Dental caries	Other dental caries	LOW	K02.8	Other dental caries	Other dental caries	Superficial caries of primary teeth	LOCAL_SUBTYPE_TRANSLATION	DENTAL_TERMINOLOGY
11 K00-K93 消化系统疾病	K00-K14 口腔、涎腺和颌疾病	K02	龋（牙）	K02.8	其他的龋（牙）	K02.800x005	乳牙深龋	K02	K02.800	TRUE	005	subtype	Other dental caries	Dental caries	Other dental caries	LOW	K02.8	Other dental caries	Other dental caries	Deep caries of primary teeth	LOCAL_SUBTYPE_TRANSLATION	DENTAL_TERMINOLOGY
11 K00-K93 消化系统疾病	K00-K14 口腔、涎腺和颌疾病	K02	龋（牙）	K02.8	其他的龋（牙）	K02.800x006	恒牙浅龋	K02	K02.800	TRUE	006	subtype	Other dental caries	Dental caries	Other dental caries	LOW	K02.8	Other dental caries	Other dental caries	Superficial caries of permanent teeth	LOCAL_SUBTYPE_TRANSLATION	DENTAL_TERMINOLOGY
11 K00-K93 消化系统疾病	K00-K14 口腔、涎腺和颌疾病	K02	龋（牙）	K02.8	其他的龋（牙）	K02.800x007	恒牙中龋	K02	K02.800	TRUE	007	subtype	Other dental caries	Dental caries	Other dental caries	LOW	K02.8	Other dental caries	Other dental caries	Moderate caries of permanent teeth	LOCAL_SUBTYPE_TRANSLATION	DENTAL_TERMINOLOGY
11 K00-K93 消化系统疾病	K00-K14 口腔、涎腺和颌疾病	K02	龋（牙）	K02.8	其他的龋（牙）	K02.800x008	恒牙深龋	K02	K02.800	TRUE	008	subtype	Other dental caries	Dental caries	Other dental caries	LOW	K02.8	Other dental caries	Other dental caries	Deep caries of permanent teeth	LOCAL_SUBTYPE_TRANSLATION	DENTAL_TERMINOLOGY
11 K00-K93 消化系统疾病	K00-K14 口腔、涎腺和颌疾病	K02	龋（牙）	K02.9	未特指的龋（牙）	K02.900	龋（牙）	K02	K02.9	FALSE		diagnosis	Dental caries, unspecified	Dental caries	Dental caries, unspecified	HIGH	K02.9	Dental caries, unspecified	Dental caries, unspecified	Dental caries, unspecified	WHO_EXACT	WHO_ICD10
11 K00-K93 消化系统疾病	K00-K14 口腔、涎腺和颌疾病	K02	龋（牙）	K02.9	未特指的龋（牙）	K02.900x001	龋病	K02	K02.900	TRUE	001	subtype	Dental caries, unspecified	Dental caries	Dental caries, unspecified	LOW	K02.9	Dental caries, unspecified	Dental caries, unspecified	Dental caries	LOCAL_SUBTYPE_TRANSLATION	DENTAL_TERMINOLOGY
11 K00-K93 消化系统疾病	K00-K14 口腔、涎腺和颌疾病	K02	龋（牙）	K02.9	未特指的龋（牙）	K02.901	蔓延性龋	K02	K02.9	FALSE		diagnosis	Dental caries, unspecified	Dental caries	Dental caries, unspecified	MEDIUM	K02.9	Dental caries, unspecified	Dental caries, unspecified	Rampant caries	CLINICAL_STANDARD	DENTAL_TERMINOLOGY
11 K00-K93 消化系统疾病	K00-K14 口腔、涎腺和颌疾病	K03	牙齿硬组织的其他疾病	K03.0	牙过度磨耗	K03.000	牙过度磨耗	K03	K03.0	FALSE		diagnosis	Excessive attrition of teeth	Other diseases of hard tissues of teeth	Excessive attrition of teeth	HIGH	K03.0	Excessive attrition of teeth	Excessive attrition of teeth	Excessive attrition of teeth	WHO_EXACT	WHO_ICD10
11 K00-K93 消化系统疾病	K00-K14 口腔、涎腺和颌疾病	K03	牙齿硬组织的其他疾病	K03.0	牙过度磨耗	K03.000x002	牙齿颌面磨损	K03	K03.000	TRUE	002	subtype	Excessive attrition of teeth	Other diseases of hard tissues of teeth	Excessive attrition of teeth	LOW	K03.0	Excessive attrition of teeth	Excessive attrition of teeth	Occlusal tooth wear	LOCAL_SUBTYPE_TRANSLATION	DENTAL_TERMINOLOGY
11 K00-K93 消化系统疾病	K00-K14 口腔、涎腺和颌疾病	K03	牙齿硬组织的其他疾病	K03.0	牙过度磨耗	K03.001	邻面磨损	K03	K03.0	FALSE		diagnosis	Excessive attrition of teeth	Other diseases of hard tissues of teeth	Excessive attrition of teeth	MEDIUM	K03.0	Excessive attrition of teeth	Excessive attrition of teeth	Interproximal tooth wear	CLINICAL_STANDARD	DENTAL_TERMINOLOGY
11 K00-K93 消化系统疾病	K00-K14 口腔、涎腺和颌疾病	K03	牙齿硬组织的其他疾病	K03.1	牙磨损	K03.100	牙磨损	K03	K03.1	FALSE		diagnosis	Abrasion of teeth	Other diseases of hard tissues of teeth	Abrasion of teeth	HIGH	K03.1	Abrasion of teeth	Abrasion of teeth	Abrasion of teeth	WHO_EXACT	WHO_ICD10
11 K00-K93 消化系统疾病	K00-K14 口腔、涎腺和颌疾病	K03	牙齿硬组织的其他疾病	K03.1	牙磨损	K03.100x001	牙齿磨损	K03	K03.100	TRUE	001	subtype	Abrasion of teeth	Other diseases of hard tissues of teeth	Abrasion of teeth	LOW	K03.1	Abrasion of teeth	Abrasion of teeth	Tooth wear	LOCAL_SUBTYPE_TRANSLATION	DENTAL_TERMINOLOGY
11 K00-K93 消化系统疾病	K00-K14 口腔、涎腺和颌疾病	K03	牙齿硬组织的其他疾病	K03.1	牙磨损	K03.101	牙齿楔状缺损	K03	K03.1	FALSE		diagnosis	Abrasion of teeth	Other diseases of hard tissues of teeth	Abrasion of teeth	MEDIUM	K03.1	Abrasion of teeth	Abrasion of teeth	Wedge-shaped defect of tooth	CLINICAL_STANDARD	DENTAL_TERMINOLOGY
11 K00-K93 消化系统疾病	K00-K14 口腔、涎腺和颌疾病	K03	牙齿硬组织的其他疾病	K03.1	牙磨损	K03.102	净齿剂牙磨损	K03	K03.1	FALSE		diagnosis	Abrasion of teeth	Other diseases of hard tissues of teeth	Abrasion of teeth	MEDIUM	K03.1	Abrasion of teeth	Abrasion of teeth	Dentifrice abrasion	CLINICAL_STANDARD	DENTAL_TERMINOLOGY
11 K00-K93 消化系统疾病	K00-K14 口腔、涎腺和颌疾病	K03	牙齿硬组织的其他疾病	K03.1	牙磨损	K03.103	习惯性牙磨损	K03	K03.1	FALSE		diagnosis	Abrasion of teeth	Other diseases of hard tissues of teeth	Abrasion of teeth	MEDIUM	K03.1	Abrasion of teeth	Abrasion of teeth	Habitual tooth abrasion	CLINICAL_STANDARD	DENTAL_TERMINOLOGY
11 K00-K93 消化系统疾病	K00-K14 口腔、涎腺和颌疾病	K03	牙齿硬组织的其他疾病	K03.1	牙磨损	K03.104	职业性牙磨损	K03	K03.1	FALSE		diagnosis	Abrasion of teeth	Other diseases of hard tissues of teeth	Abrasion of teeth	MEDIUM	K03.1	Abrasion of teeth	Abrasion of teeth	Occupational tooth abrasion	CLINICAL_STANDARD	DENTAL_TERMINOLOGY
11 K00-K93 消化系统疾病	K00-K14 口腔、涎腺和颌疾病	K03	牙齿硬组织的其他疾病	K03.1	牙磨损	K03.105	宗教仪式性牙磨损	K03	K03.1	FALSE		diagnosis	Abrasion of teeth	Other diseases of hard tissues of teeth	Abrasion of teeth	MEDIUM	K03.1	Abrasion of teeth	Abrasion of teeth	Ritual tooth abrasion	CLINICAL_STANDARD	DENTAL_TERMINOLOGY
11 K00-K93 消化系统疾病	K00-K14 口腔、涎腺和颌疾病	K03	牙齿硬组织的其他疾病	K03.1	牙磨损	K03.106	传统性牙磨损	K03	K03.1	FALSE		diagnosis	Abrasion of teeth	Other diseases of hard tissues of teeth	Abrasion of teeth	MEDIUM	K03.1	Abrasion of teeth	Abrasion of teeth	Traditional tooth abrasion	CLINICAL_STANDARD	DENTAL_TERMINOLOGY
11 K00-K93 消化系统疾病	K00-K14 口腔、涎腺和颌疾病	K03	牙齿硬组织的其他疾病	K03.2	牙腐蚀	K03.200	牙腐蚀	K03	K03.2	FALSE		diagnosis	Erosion of teeth	Other diseases of hard tissues of teeth	Erosion of teeth	HIGH	K03.2	Erosion of teeth	Erosion of teeth	Erosion of teeth	WHO_EXACT	WHO_ICD10
11 K00-K93 消化系统疾病	K00-K14 口腔、涎腺和颌疾病	K03	牙齿硬组织的其他疾病	K03.2	牙腐蚀	K03.200x002	牙酸蚀病	K03	K03.200	TRUE	002	subtype	Erosion of teeth	Other diseases of hard tissues of teeth	Erosion of teeth	LOW	K03.2	Erosion of teeth	Erosion of teeth	Dental erosion	LOCAL_SUBTYPE_TRANSLATION	DENTAL_TERMINOLOGY
11 K00-K93 消化系统疾病	K00-K14 口腔、涎腺和颌疾病	K03	牙齿硬组织的其他疾病	K03.2	牙腐蚀	K03.201	特发性牙腐蚀	K03	K03.2	FALSE		diagnosis	Erosion of teeth	Other diseases of hard tissues of teeth	Erosion of teeth	MEDIUM	K03.2	Erosion of teeth	Erosion of teeth	Idiopathic dental erosion	CLINICAL_STANDARD	DENTAL_TERMINOLOGY
11 K00-K93 消化系统疾病	K00-K14 口腔、涎腺和颌疾病	K03	牙齿硬组织的其他疾病	K03.2	牙腐蚀	K03.202	药物性牙腐蚀	K03	K03.2	FALSE		diagnosis	Erosion of teeth	Other diseases of hard tissues of teeth	Erosion of teeth	MEDIUM	K03.2	Erosion of teeth	Erosion of teeth	Drug-induced dental erosion	CLINICAL_STANDARD	DENTAL_TERMINOLOGY
11 K00-K93 消化系统疾病	K00-K14 口腔、涎腺和颌疾病	K03	牙齿硬组织的其他疾病	K03.2	牙腐蚀	K03.203	职业性牙腐蚀	K03	K03.2	FALSE		diagnosis	Erosion of teeth	Other diseases of hard tissues of teeth	Erosion of teeth	MEDIUM	K03.2	Erosion of teeth	Erosion of teeth	Occupational dental erosion	CLINICAL_STANDARD	DENTAL_TERMINOLOGY
11 K00-K93 消化系统疾病	K00-K14 口腔、涎腺和颌疾病	K03	牙齿硬组织的其他疾病	K03.2	牙腐蚀	K03.204	持续性呕吐致牙腐蚀	K03	K03.2	FALSE		diagnosis	Erosion of teeth	Other diseases of hard tissues of teeth	Erosion of teeth	MEDIUM	K03.2	Erosion of teeth	Erosion of teeth	Dental erosion due to persistent vomiting	CLINICAL_STANDARD	DENTAL_TERMINOLOGY
11 K00-K93 消化系统疾病	K00-K14 口腔、涎腺和颌疾病	K03	牙齿硬组织的其他疾病	K03.3	牙病理性吸收	K03.300	牙病理性吸收	K03	K03.3	FALSE		diagnosis	Pathological resorption of teeth	Other diseases of hard tissues of teeth	Pathological resorption of teeth	HIGH	K03.3	Pathological resorption of teeth	Pathological resorption of teeth	Pathological resorption of teeth	WHO_EXACT	WHO_ICD10
11 K00-K93 消化系统疾病	K00-K14 口腔、涎腺和颌疾病	K03	牙齿硬组织的其他疾病	K03.3	牙病理性吸收	K03.300x001	牙髓内部肉芽肿	K03	K03.300	TRUE	001	subtype	Pathological resorption of teeth	Other diseases of hard tissues of teeth	Pathological resorption of teeth	LOW	K03.3	Pathological resorption of teeth	Pathological resorption of teeth	Internal granuloma of pulp	LOCAL_SUBTYPE_TRANSLATION	DENTAL_TERMINOLOGY
11 K00-K93 消化系统疾病	K00-K14 口腔、涎腺和颌疾病	K03	牙齿硬组织的其他疾病	K03.3	牙病理性吸收	K03.300x002	牙根外吸收	K03	K03.300	TRUE	002	subtype	Pathological resorption of teeth	Other diseases of hard tissues of teeth	Pathological resorption of teeth	LOW	K03.3	Pathological resorption of teeth	Pathological resorption of teeth	External root resorption	LOCAL_SUBTYPE_TRANSLATION	DENTAL_TERMINOLOGY
11 K00-K93 消化系统疾病	K00-K14 口腔、涎腺和颌疾病	K03	牙齿硬组织的其他疾病	K03.3	牙病理性吸收	K03.300x003	牙内吸收	K03	K03.300	TRUE	003	subtype	Pathological resorption of teeth	Other diseases of hard tissues of teeth	Pathological resorption of teeth	LOW	K03.3	Pathological resorption of teeth	Pathological resorption of teeth	Internal resorption of tooth	LOCAL_SUBTYPE_TRANSLATION	DENTAL_TERMINOLOGY
11 K00-K93 消化系统疾病	K00-K14 口腔、涎腺和颌疾病	K03	牙齿硬组织的其他疾病	K03.4	牙骨质增生	K03.400	牙骨质增生	K03	K03.4	FALSE		diagnosis	Hypercementosis	Other diseases of hard tissues of teeth	Hypercementosis	HIGH	K03.4	Hypercementosis	Hypercementosis	Hypercementosis	WHO_EXACT	WHO_ICD10
11 K00-K93 消化系统疾病	K00-K14 口腔、涎腺和颌疾病	K03	牙齿硬组织的其他疾病	K03.4	牙骨质增生	K03.401	齿槽骨质增生	K03	K03.4	FALSE		diagnosis	Hypercementosis	Other diseases of hard tissues of teeth	Hypercementosis	MEDIUM	K03.4	Hypercementosis	Hypercementosis	Hypercementosis	WHO_PARENT_INHERITED	WHO_ICD10
11 K00-K93 消化系统疾病	K00-K14 口腔、涎腺和颌疾病	K03	牙齿硬组织的其他疾病	K03.5	牙骨粘连	K03.500	牙骨粘连	K03	K03.5	FALSE		diagnosis	Ankylosis of teeth	Other diseases of hard tissues of teeth	Ankylosis of teeth	HIGH	K03.5	Ankylosis of teeth	Ankylosis of teeth	Ankylosis of teeth	WHO_EXACT	WHO_ICD10
11 K00-K93 消化系统疾病	K00-K14 口腔、涎腺和颌疾病	K03	牙齿硬组织的其他疾病	K03.6	牙齿沉积物[增积物]	K03.600	牙齿沉积物［增积物］	K03	K03.6	FALSE		diagnosis	Deposits [accretions] on teeth	Other diseases of hard tissues of teeth	Deposits [accretions] on teeth	HIGH	K03.6	Deposits [accretions] on teeth	Deposits [accretions] on teeth	Deposits [accretions] on teeth	WHO_EXACT	WHO_ICD10
11 K00-K93 消化系统疾病	K00-K14 口腔、涎腺和颌疾病	K03	牙齿硬组织的其他疾病	K03.6	牙齿沉积物[增积物]	K03.600x001	牙齿变色	K03	K03.600	TRUE	001	subtype	Deposits [accretions] on teeth	Other diseases of hard tissues of teeth	Deposits [accretions] on teeth	LOW	K03.6	Deposits [accretions] on teeth	Deposits [accretions] on teeth	Tooth discoloration	LOCAL_SUBTYPE_TRANSLATION	DENTAL_TERMINOLOGY
11 K00-K93 消化系统疾病	K00-K14 口腔、涎腺和颌疾病	K03	牙齿硬组织的其他疾病	K03.6	牙齿沉积物[增积物]	K03.601	牙石	K03	K03.6	FALSE		diagnosis	Deposits [accretions] on teeth	Other diseases of hard tissues of teeth	Deposits [accretions] on teeth	MEDIUM	K03.6	Deposits [accretions] on teeth	Deposits [accretions] on teeth	Dental calculus	CLINICAL_STANDARD	DENTAL_TERMINOLOGY
11 K00-K93 消化系统疾病	K00-K14 口腔、涎腺和颌疾病	K03	牙齿硬组织的其他疾病	K03.6	牙齿沉积物[增积物]	K03.602	龈下牙石（龈下垢）	K03	K03.6	FALSE		diagnosis	Deposits [accretions] on teeth	Other diseases of hard tissues of teeth	Deposits [accretions] on teeth	MEDIUM	K03.6	Deposits [accretions] on teeth	Deposits [accretions] on teeth	Subgingival calculus	CLINICAL_STANDARD	DENTAL_TERMINOLOGY
11 K00-K93 消化系统疾病	K00-K14 口腔、涎腺和颌疾病	K03	牙齿硬组织的其他疾病	K03.6	牙齿沉积物[增积物]	K03.603	龈上牙石（龈上垢）	K03	K03.6	FALSE		diagnosis	Deposits [accretions] on teeth	Other diseases of hard tissues of teeth	Deposits [accretions] on teeth	MEDIUM	K03.6	Deposits [accretions] on teeth	Deposits [accretions] on teeth	Supragingival calculus	CLINICAL_STANDARD	DENTAL_TERMINOLOGY
11 K00-K93 消化系统疾病	K00-K14 口腔、涎腺和颌疾病	K03	牙齿硬组织的其他疾病	K03.6	牙齿沉积物[增积物]	K03.604	牙上沉积物	K03	K03.6	FALSE		diagnosis	Deposits [accretions] on teeth	Other diseases of hard tissues of teeth	Deposits [accretions] on teeth	MEDIUM	K03.6	Deposits [accretions] on teeth	Deposits [accretions] on teeth	Deposits [accretions] on teeth	WHO_PARENT_INHERITED	WHO_ICD10
11 K00-K93 消化系统疾病	K00-K14 口腔、涎腺和颌疾病	K03	牙齿硬组织的其他疾病	K03.7	牙硬组织萌出后颜色改变	K03.700	牙硬组织萌出后颜色改变	K03	K03.7	FALSE		diagnosis	Posteruptive colour changes of dental hard tissues	Other diseases of hard tissues of teeth	Posteruptive colour changes of dental hard tissues	HIGH	K03.7	Posteruptive colour changes of dental hard tissues	Posteruptive colour changes of dental hard tissues	Posteruptive colour changes of dental hard tissues	WHO_EXACT	WHO_ICD10
11 K00-K93 消化系统疾病	K00-K14 口腔、涎腺和颌疾病	K03	牙齿硬组织的其他疾病	K03.8	其他特指的牙硬组织疾病	K03.800	牙硬组织疾病，其他特指的	K03	K03.8	FALSE		diagnosis	Other specified diseases of hard tissues of teeth	Other diseases of hard tissues of teeth	Other specified diseases of hard tissues of teeth	HIGH	K03.8	Other specified diseases of hard tissues of teeth	Other specified diseases of hard tissues of teeth	Other specified diseases of hard tissues of teeth	WHO_EXACT	WHO_ICD10
11 K00-K93 消化系统疾病	K00-K14 口腔、涎腺和颌疾病	K03	牙齿硬组织的其他疾病	K03.8	其他特指的牙硬组织疾病	K03.800x001	辐照性牙釉质	K03	K03.800	TRUE	001	subtype	Other specified diseases of hard tissues of teeth	Other diseases of hard tissues of teeth	Other specified diseases of hard tissues of teeth	LOW	K03.8	Other specified diseases of hard tissues of teeth	Other specified diseases of hard tissues of teeth	Radiation-induced enamel defect	LOCAL_SUBTYPE_TRANSLATION	DENTAL_TERMINOLOGY
11 K00-K93 消化系统疾病	K00-K14 口腔、涎腺和颌疾病	K03	牙齿硬组织的其他疾病	K03.8	其他特指的牙硬组织疾病	K03.800x002	牙本质过敏症	K03	K03.800	TRUE	002	subtype	Other specified diseases of hard tissues of teeth	Other diseases of hard tissues of teeth	Other specified diseases of hard tissues of teeth	LOW	K03.8	Other specified diseases of hard tissues of teeth	Other specified diseases of hard tissues of teeth	Dentin hypersensitivity	LOCAL_SUBTYPE_TRANSLATION	DENTAL_TERMINOLOGY
11 K00-K93 消化系统疾病	K00-K14 口腔、涎腺和颌疾病	K03	牙齿硬组织的其他疾病	K03.8	其他特指的牙硬组织疾病	K03.800x003	牙隐裂	K03	K03.800	TRUE	003	subtype	Other specified diseases of hard tissues of teeth	Other diseases of hard tissues of teeth	Other specified diseases of hard tissues of teeth	LOW	K03.8	Other specified diseases of hard tissues of teeth	Other specified diseases of hard tissues of teeth	Cracked tooth	LOCAL_SUBTYPE_TRANSLATION	DENTAL_TERMINOLOGY
11 K00-K93 消化系统疾病	K00-K14 口腔、涎腺和颌疾病	K03	牙齿硬组织的其他疾病	K03.8	其他特指的牙硬组织疾病	K03.800x005	牙震荡	K03	K03.800	TRUE	005	subtype	Other specified diseases of hard tissues of teeth	Other diseases of hard tissues of teeth	Other specified diseases of hard tissues of teeth	LOW	K03.8	Other specified diseases of hard tissues of teeth	Other specified diseases of hard tissues of teeth	Tooth concussion	LOCAL_SUBTYPE_TRANSLATION	DENTAL_TERMINOLOGY
11 K00-K93 消化系统疾病	K00-K14 口腔、涎腺和颌疾病	K03	牙齿硬组织的其他疾病	K03.8	其他特指的牙硬组织疾病	K03.801	牙根纵裂	K03	K03.8	FALSE		diagnosis	Other specified diseases of hard tissues of teeth	Other diseases of hard tissues of teeth	Other specified diseases of hard tissues of teeth	MEDIUM	K03.8	Other specified diseases of hard tissues of teeth	Other specified diseases of hard tissues of teeth	Vertical root fracture	CLINICAL_STANDARD	DENTAL_TERMINOLOGY
11 K00-K93 消化系统疾病	K00-K14 口腔、涎腺和颌疾病	K03	牙齿硬组织的其他疾病	K03.9	未特指的牙硬组织疾病	K03.900	牙硬组织疾病	K03	K03.9	FALSE		diagnosis	Disease of hard tissues of teeth, unspecified	Other diseases of hard tissues of teeth	Disease of hard tissues of teeth, unspecified	HIGH	K03.9	Disease of hard tissues of teeth, unspecified	Disease of hard tissues of teeth, unspecified	Disease of hard tissues of teeth, unspecified	WHO_EXACT	WHO_ICD10
11 K00-K93 消化系统疾病	K00-K14 口腔、涎腺和颌疾病	K04	牙髓和根尖周组织疾病	K04.0	牙髓炎	K04.000	牙髓炎	K04	K04.0	FALSE		diagnosis	Pulpitis	Diseases of pulp and periapical tissues	Pulpitis	HIGH	K04.0	Pulpitis	Pulpitis	Pulpitis	WHO_EXACT	WHO_ICD10
11 K00-K93 消化系统疾病	K00-K14 口腔、涎腺和颌疾病	K04	牙髓和根尖周组织疾病	K04.0	牙髓炎	K04.000x007	溃疡性牙髓炎	K04	K04.000	TRUE	007	subtype	Pulpitis	Diseases of pulp and periapical tissues	Pulpitis	LOW	K04.0	Pulpitis	Pulpitis	Ulcerative pulpitis	LOCAL_SUBTYPE_TRANSLATION	DENTAL_TERMINOLOGY
11 K00-K93 消化系统疾病	K00-K14 口腔、涎腺和颌疾病	K04	牙髓和根尖周组织疾病	K04.0	牙髓炎	K04.000x008	增生性牙髓炎	K04	K04.000	TRUE	008	subtype	Pulpitis	Diseases of pulp and periapical tissues	Pulpitis	LOW	K04.0	Pulpitis	Pulpitis	Hyperplastic pulpitis	LOCAL_SUBTYPE_TRANSLATION	DENTAL_TERMINOLOGY
11 K00-K93 消化系统疾病	K00-K14 口腔、涎腺和颌疾病	K04	牙髓和根尖周组织疾病	K04.0	牙髓炎	K04.001	急性牙髓炎	K04	K04.0	FALSE		diagnosis	Pulpitis	Diseases of pulp and periapical tissues	Pulpitis	MEDIUM	K04.0	Pulpitis	Pulpitis	Acute pulpitis	CLINICAL_STANDARD	DENTAL_TERMINOLOGY
11 K00-K93 消化系统疾病	K00-K14 口腔、涎腺和颌疾病	K04	牙髓和根尖周组织疾病	K04.0	牙髓炎	K04.002	慢性牙髓炎	K04	K04.0	FALSE		diagnosis	Pulpitis	Diseases of pulp and periapical tissues	Pulpitis	MEDIUM	K04.0	Pulpitis	Pulpitis	Chronic pulpitis	CLINICAL_STANDARD	DENTAL_TERMINOLOGY
11 K00-K93 消化系统疾病	K00-K14 口腔、涎腺和颌疾病	K04	牙髓和根尖周组织疾病	K04.0	牙髓炎	K04.006	可逆性牙髓炎	K04	K04.0	FALSE		diagnosis	Pulpitis	Diseases of pulp and periapical tissues	Pulpitis	MEDIUM	K04.0	Pulpitis	Pulpitis	Reversible pulpitis	CLINICAL_STANDARD	DENTAL_TERMINOLOGY
11 K00-K93 消化系统疾病	K00-K14 口腔、涎腺和颌疾病	K04	牙髓和根尖周组织疾病	K04.0	牙髓炎	K04.007	不可逆性牙髓炎	K04	K04.0	FALSE		diagnosis	Pulpitis	Diseases of pulp and periapical tissues	Pulpitis	MEDIUM	K04.0	Pulpitis	Pulpitis	Irreversible pulpitis	CLINICAL_STANDARD	DENTAL_TERMINOLOGY
11 K00-K93 消化系统疾病	K00-K14 口腔、涎腺和颌疾病	K04	牙髓和根尖周组织疾病	K04.1	牙髓坏死	K04.100	牙髓坏死	K04	K04.1	FALSE		diagnosis	Necrosis of pulp	Diseases of pulp and periapical tissues	Necrosis of pulp	HIGH	K04.1	Necrosis of pulp	Necrosis of pulp	Necrosis of pulp	WHO_EXACT	WHO_ICD10
11 K00-K93 消化系统疾病	K00-K14 口腔、涎腺和颌疾病	K04	牙髓和根尖周组织疾病	K04.1	牙髓坏死	K04.101	牙髓坏疽	K04	K04.1	FALSE		diagnosis	Necrosis of pulp	Diseases of pulp and periapical tissues	Necrosis of pulp	MEDIUM	K04.1	Necrosis of pulp	Necrosis of pulp	Gangrene of pulp	CLINICAL_STANDARD	DENTAL_TERMINOLOGY
11 K00-K93 消化系统疾病	K00-K14 口腔、涎腺和颌疾病	K04	牙髓和根尖周组织疾病	K04.2	牙髓变性	K04.200	牙髓变性	K04	K04.2	FALSE		diagnosis	Pulp degeneration	Diseases of pulp and periapical tissues	Pulp degeneration	HIGH	K04.2	Pulp degeneration	Pulp degeneration	Pulp degeneration	WHO_EXACT	WHO_ICD10
11 K00-K93 消化系统疾病	K00-K14 口腔、涎腺和颌疾病	K04	牙髓和根尖周组织疾病	K04.2	牙髓变性	K04.200x003	牙髓钙化	K04	K04.200	TRUE	003	subtype	Pulp degeneration	Diseases of pulp and periapical tissues	Pulp degeneration	LOW	K04.2	Pulp degeneration	Pulp degeneration	Pulp calcification	LOCAL_SUBTYPE_TRANSLATION	DENTAL_TERMINOLOGY
11 K00-K93 消化系统疾病	K00-K14 口腔、涎腺和颌疾病	K04	牙髓和根尖周组织疾病	K04.2	牙髓变性	K04.201	牙髓石	K04	K04.2	FALSE		diagnosis	Pulp degeneration	Diseases of pulp and periapical tissues	Pulp degeneration	MEDIUM	K04.2	Pulp degeneration	Pulp degeneration	Pulp stone	CLINICAL_STANDARD	DENTAL_TERMINOLOGY
11 K00-K93 消化系统疾病	K00-K14 口腔、涎腺和颌疾病	K04	牙髓和根尖周组织疾病	K04.3	牙髓异常硬组织形成	K04.300	牙髓异常硬组织形成	K04	K04.3	FALSE		diagnosis	Abnormal hard tissue formation in pulp	Diseases of pulp and periapical tissues	Abnormal hard tissue formation in pulp	HIGH	K04.3	Abnormal hard tissue formation in pulp	Abnormal hard tissue formation in pulp	Abnormal hard tissue formation in pulp	WHO_EXACT	WHO_ICD10
11 K00-K93 消化系统疾病	K00-K14 口腔、涎腺和颌疾病	K04	牙髓和根尖周组织疾病	K04.4	急性牙髓源性根尖牙周炎	K04.400	急性牙髓源性根尖牙周炎	K04	K04.4	FALSE		diagnosis	Acute apical periodontitis of pulpal origin	Diseases of pulp and periapical tissues	Acute apical periodontitis of pulpal origin	HIGH	K04.4	Acute apical periodontitis of pulpal origin	Acute apical periodontitis of pulpal origin	Acute apical periodontitis of pulpal origin	WHO_EXACT	WHO_ICD10
11 K00-K93 消化系统疾病	K00-K14 口腔、涎腺和颌疾病	K04	牙髓和根尖周组织疾病	K04.4	急性牙髓源性根尖牙周炎	K04.401	急性根尖周炎	K04	K04.4	FALSE		diagnosis	Acute apical periodontitis of pulpal origin	Diseases of pulp and periapical tissues	Acute apical periodontitis of pulpal origin	MEDIUM	K04.4	Acute apical periodontitis of pulpal origin	Acute apical periodontitis of pulpal origin	Acute apical periodontitis	CLINICAL_STANDARD	DENTAL_TERMINOLOGY
11 K00-K93 消化系统疾病	K00-K14 口腔、涎腺和颌疾病	K04	牙髓和根尖周组织疾病	K04.5	慢性根尖牙周炎	K04.500	慢性根尖牙周炎	K04	K04.5	FALSE		diagnosis	Chronic apical periodontitis	Diseases of pulp and periapical tissues	Chronic apical periodontitis	HIGH	K04.5	Chronic apical periodontitis	Chronic apical periodontitis	Chronic apical periodontitis	WHO_EXACT	WHO_ICD10
11 K00-K93 消化系统疾病	K00-K14 口腔、涎腺和颌疾病	K04	牙髓和根尖周组织疾病	K04.5	慢性根尖牙周炎	K04.500x001	慢性根尖周炎	K04	K04.500	TRUE	001	subtype	Chronic apical periodontitis	Diseases of pulp and periapical tissues	Chronic apical periodontitis	LOW	K04.5	Chronic apical periodontitis	Chronic apical periodontitis	Chronic apical periodontitis	LOCAL_SUBTYPE_TRANSLATION	DENTAL_TERMINOLOGY
11 K00-K93 消化系统疾病	K00-K14 口腔、涎腺和颌疾病	K04	牙髓和根尖周组织疾病	K04.5	慢性根尖牙周炎	K04.501	根尖肉芽肿	K04	K04.5	FALSE		diagnosis	Chronic apical periodontitis	Diseases of pulp and periapical tissues	Chronic apical periodontitis	MEDIUM	K04.5	Chronic apical periodontitis	Chronic apical periodontitis	Periapical granuloma	CLINICAL_STANDARD	DENTAL_TERMINOLOGY
11 K00-K93 消化系统疾病	K00-K14 口腔、涎腺和颌疾病	K04	牙髓和根尖周组织疾病	K04.6	根尖周脓肿伴有窦道	K04.600	根尖周脓肿伴有窦道	K04	K04.6	FALSE		diagnosis	Periapical abscess with sinus	Diseases of pulp and periapical tissues	Periapical abscess with sinus	HIGH	K04.6	Periapical abscess with sinus	Periapical abscess with sinus	Periapical abscess with sinus	WHO_EXACT	WHO_ICD10
11 K00-K93 消化系统疾病	K00-K14 口腔、涎腺和颌疾病	K04	牙髓和根尖周组织疾病	K04.7	根尖周脓肿不伴有窦道	K04.700	根尖周脓肿不伴有窦道	K04	K04.7	FALSE		diagnosis	Periapical abscess without sinus	Diseases of pulp and periapical tissues	Periapical abscess without sinus	HIGH	K04.7	Periapical abscess without sinus	Periapical abscess without sinus	Periapical abscess without sinus	WHO_EXACT	WHO_ICD10
11 K00-K93 消化系统疾病	K00-K14 口腔、涎腺和颌疾病	K04	牙髓和根尖周组织疾病	K04.7	根尖周脓肿不伴有窦道	K04.701	根尖脓肿	K04	K04.7	FALSE		diagnosis	Periapical abscess without sinus	Diseases of pulp and periapical tissues	Periapical abscess without sinus	MEDIUM	K04.7	Periapical abscess without sinus	Periapical abscess without sinus	Apical abscess	CLINICAL_STANDARD	DENTAL_TERMINOLOGY
11 K00-K93 消化系统疾病	K00-K14 口腔、涎腺和颌疾病	K04	牙髓和根尖周组织疾病	K04.7	根尖周脓肿不伴有窦道	K04.702	牙槽脓肿	K04	K04.7	FALSE		diagnosis	Periapical abscess without sinus	Diseases of pulp and periapical tissues	Periapical abscess without sinus	MEDIUM	K04.7	Periapical abscess without sinus	Periapical abscess without sinus	Dentoalveolar abscess	CLINICAL_STANDARD	DENTAL_TERMINOLOGY
11 K00-K93 消化系统疾病	K00-K14 口腔、涎腺和颌疾病	K04	牙髓和根尖周组织疾病	K04.7	根尖周脓肿不伴有窦道	K04.703	剩余牙根脓肿	K04	K04.7	FALSE		diagnosis	Periapical abscess without sinus	Diseases of pulp and periapical tissues	Periapical abscess without sinus	MEDIUM	K04.7	Periapical abscess without sinus	Periapical abscess without sinus	Abscess of residual tooth root	CLINICAL_STANDARD	DENTAL_TERMINOLOGY
11 K00-K93 消化系统疾病	K00-K14 口腔、涎腺和颌疾病	K04	牙髓和根尖周组织疾病	K04.8	牙根囊肿	K04.800	牙根囊肿	K04	K04.8	FALSE		diagnosis	Radicular cyst	Diseases of pulp and periapical tissues	Radicular cyst	HIGH	K04.8	Radicular cyst	Radicular cyst	Radicular cyst	WHO_EXACT	WHO_ICD10
11 K00-K93 消化系统疾病	K00-K14 口腔、涎腺和颌疾病	K04	牙髓和根尖周组织疾病	K04.8	牙根囊肿	K04.801	根尖囊肿	K04	K04.8	FALSE		diagnosis	Radicular cyst	Diseases of pulp and periapical tissues	Radicular cyst	MEDIUM	K04.8	Radicular cyst	Radicular cyst	Periapical cyst	CLINICAL_STANDARD	DENTAL_TERMINOLOGY
11 K00-K93 消化系统疾病	K00-K14 口腔、涎腺和颌疾病	K04	牙髓和根尖周组织疾病	K04.8	牙根囊肿	K04.802	根尖周囊肿	K04	K04.8	FALSE		diagnosis	Radicular cyst	Diseases of pulp and periapical tissues	Radicular cyst	MEDIUM	K04.8	Radicular cyst	Radicular cyst	Periapical cyst	CLINICAL_STANDARD	DENTAL_TERMINOLOGY
11 K00-K93 消化系统疾病	K00-K14 口腔、涎腺和颌疾病	K04	牙髓和根尖周组织疾病	K04.8	牙根囊肿	K04.803	残余牙根囊肿	K04	K04.8	FALSE		diagnosis	Radicular cyst	Diseases of pulp and periapical tissues	Radicular cyst	MEDIUM	K04.8	Radicular cyst	Radicular cyst	Residual radicular cyst	CLINICAL_STANDARD	DENTAL_TERMINOLOGY
11 K00-K93 消化系统疾病	K00-K14 口腔、涎腺和颌疾病	K04	牙髓和根尖周组织疾病	K04.9	牙髓和根尖周组织其他和未特指的疾病	K04.900	牙髓和根尖周组织其他和未特指的疾病	K04	K04.9	FALSE		diagnosis	Other and unspecified diseases of pulp and periapical tissues	Diseases of pulp and periapical tissues	Other and unspecified diseases of pulp and periapical tissues	HIGH	K04.9	Other and unspecified diseases of pulp and periapical tissues	Other and unspecified diseases of pulp and periapical tissues	Other and unspecified diseases of pulp and periapical tissues	WHO_EXACT	WHO_ICD10
11 K00-K93 消化系统疾病	K00-K14 口腔、涎腺和颌疾病	K04	牙髓和根尖周组织疾病	K04.9	牙髓和根尖周组织其他和未特指的疾病	K04.901	牙髓和根尖周组织疾病	K04	K04.9	FALSE		diagnosis	Other and unspecified diseases of pulp and periapical tissues	Diseases of pulp and periapical tissues	Other and unspecified diseases of pulp and periapical tissues	MEDIUM	K04.9	Other and unspecified diseases of pulp and periapical tissues	Other and unspecified diseases of pulp and periapical tissues	Other and unspecified diseases of pulp and periapical tissues	WHO_PARENT_INHERITED	WHO_ICD10
11 K00-K93 消化系统疾病	K00-K14 口腔、涎腺和颌疾病	K04	牙髓和根尖周组织疾病	K04.9	牙髓和根尖周组织其他和未特指的疾病	K04.902	牙周牙髓综合征	K04	K04.9	FALSE		diagnosis	Other and unspecified diseases of pulp and periapical tissues	Diseases of pulp and periapical tissues	Other and unspecified diseases of pulp and periapical tissues	MEDIUM	K04.9	Other and unspecified diseases of pulp and periapical tissues	Other and unspecified diseases of pulp and periapical tissues	Periodontal-endodontic lesion	CLINICAL_STANDARD	DENTAL_TERMINOLOGY
11 K00-K93 消化系统疾病	K00-K14 口腔、涎腺和颌疾病	K05	龈炎和牙周疾病	K05.0	急性龈炎	K05.000	急性龈炎	K05	K05.0	FALSE		diagnosis	Acute gingivitis	Gingivitis and periodontal diseases	Acute gingivitis	HIGH	K05.0	Acute gingivitis	Acute gingivitis	Acute gingivitis	WHO_EXACT	WHO_ICD10
11 K00-K93 消化系统疾病	K00-K14 口腔、涎腺和颌疾病	K05	龈炎和牙周疾病	K05.0	急性龈炎	K05.000x002	急性龈乳头炎	K05	K05.000	TRUE	002	subtype	Acute gingivitis	Gingivitis and periodontal diseases	Acute gingivitis	LOW	K05.0	Acute gingivitis	Acute gingivitis	Acute gingival papillitis	LOCAL_SUBTYPE_TRANSLATION	DENTAL_TERMINOLOGY
11 K00-K93 消化系统疾病	K00-K14 口腔、涎腺和颌疾病	K05	龈炎和牙周疾病	K05.1	慢性龈炎	K05.100	慢性龈炎	K05	K05.1	FALSE		diagnosis	Chronic gingivitis	Gingivitis and periodontal diseases	Chronic gingivitis	HIGH	K05.1	Chronic gingivitis	Chronic gingivitis	Chronic gingivitis	WHO_EXACT	WHO_ICD10
11 K00-K93 消化系统疾病	K00-K14 口腔、涎腺和颌疾病	K05	龈炎和牙周疾病	K05.1	慢性龈炎	K05.100x005	龈炎	K05	K05.100	TRUE	005	subtype	Chronic gingivitis	Gingivitis and periodontal diseases	Chronic gingivitis	LOW	K05.1	Chronic gingivitis	Chronic gingivitis	Gingivitis	LOCAL_SUBTYPE_TRANSLATION	DENTAL_TERMINOLOGY
11 K00-K93 消化系统疾病	K00-K14 口腔、涎腺和颌疾病	K05	龈炎和牙周疾病	K05.1	慢性龈炎	K05.100x008	青春期龈炎	K05	K05.100	TRUE	008	subtype	Chronic gingivitis	Gingivitis and periodontal diseases	Chronic gingivitis	LOW	K05.1	Chronic gingivitis	Chronic gingivitis	Puberty gingivitis	LOCAL_SUBTYPE_TRANSLATION	DENTAL_TERMINOLOGY
11 K00-K93 消化系统疾病	K00-K14 口腔、涎腺和颌疾病	K05	龈炎和牙周疾病	K05.1	慢性龈炎	K05.100x010	龈乳头炎	K05	K05.100	TRUE	010	subtype	Chronic gingivitis	Gingivitis and periodontal diseases	Chronic gingivitis	LOW	K05.1	Chronic gingivitis	Chronic gingivitis	Gingival papillitis	LOCAL_SUBTYPE_TRANSLATION	DENTAL_TERMINOLOGY
11 K00-K93 消化系统疾病	K00-K14 口腔、涎腺和颌疾病	K05	龈炎和牙周疾病	K05.1	慢性龈炎	K05.100x011	菌斑性龈炎	K05	K05.100	TRUE	011	subtype	Chronic gingivitis	Gingivitis and periodontal diseases	Chronic gingivitis	LOW	K05.1	Chronic gingivitis	Chronic gingivitis	Plaque-induced gingivitis	LOCAL_SUBTYPE_TRANSLATION	DENTAL_TERMINOLOGY
11 K00-K93 消化系统疾病	K00-K14 口腔、涎腺和颌疾病	K05	龈炎和牙周疾病	K05.1	慢性龈炎	K05.100x012	萌出性龈炎	K05	K05.100	TRUE	012	subtype	Chronic gingivitis	Gingivitis and periodontal diseases	Chronic gingivitis	LOW	K05.1	Chronic gingivitis	Chronic gingivitis	Eruption gingivitis	LOCAL_SUBTYPE_TRANSLATION	DENTAL_TERMINOLOGY
11 K00-K93 消化系统疾病	K00-K14 口腔、涎腺和颌疾病	K05	龈炎和牙周疾病	K05.1	慢性龈炎	K05.100x013	浆细胞龈炎	K05	K05.100	TRUE	013	subtype	Chronic gingivitis	Gingivitis and periodontal diseases	Chronic gingivitis	LOW	K05.1	Chronic gingivitis	Chronic gingivitis	Plasma cell gingivitis	LOCAL_SUBTYPE_TRANSLATION	DENTAL_TERMINOLOGY
11 K00-K93 消化系统疾病	K00-K14 口腔、涎腺和颌疾病	K05	龈炎和牙周疾病	K05.1	慢性龈炎	K05.101	化脓性牙龈炎	K05	K05.1	FALSE		diagnosis	Chronic gingivitis	Gingivitis and periodontal diseases	Chronic gingivitis	MEDIUM	K05.1	Chronic gingivitis	Chronic gingivitis	Suppurative gingivitis	CLINICAL_STANDARD	DENTAL_TERMINOLOGY
11 K00-K93 消化系统疾病	K00-K14 口腔、涎腺和颌疾病	K05	龈炎和牙周疾病	K05.1	慢性龈炎	K05.102	增生性牙龈炎	K05	K05.1	FALSE		diagnosis	Chronic gingivitis	Gingivitis and periodontal diseases	Chronic gingivitis	MEDIUM	K05.1	Chronic gingivitis	Chronic gingivitis	Hyperplastic gingivitis	CLINICAL_STANDARD	DENTAL_TERMINOLOGY
11 K00-K93 消化系统疾病	K00-K14 口腔、涎腺和颌疾病	K05	龈炎和牙周疾病	K05.1	慢性龈炎	K05.103	溃疡性龈炎	K05	K05.1	FALSE		diagnosis	Chronic gingivitis	Gingivitis and periodontal diseases	Chronic gingivitis	MEDIUM	K05.1	Chronic gingivitis	Chronic gingivitis	Ulcerative gingivitis	CLINICAL_STANDARD	DENTAL_TERMINOLOGY
11 K00-K93 消化系统疾病	K00-K14 口腔、涎腺和颌疾病	K05	龈炎和牙周疾病	K05.1	慢性龈炎	K05.104	边缘性龈炎	K05	K05.1	FALSE		diagnosis	Chronic gingivitis	Gingivitis and periodontal diseases	Chronic gingivitis	MEDIUM	K05.1	Chronic gingivitis	Chronic gingivitis	Marginal gingivitis	CLINICAL_STANDARD	DENTAL_TERMINOLOGY
11 K00-K93 消化系统疾病	K00-K14 口腔、涎腺和颌疾病	K05	龈炎和牙周疾病	K05.1	慢性龈炎	K05.105	肥大性龈炎	K05	K05.1	FALSE		diagnosis	Chronic gingivitis	Gingivitis and periodontal diseases	Chronic gingivitis	MEDIUM	K05.1	Chronic gingivitis	Chronic gingivitis	Hypertrophic gingivitis	CLINICAL_STANDARD	DENTAL_TERMINOLOGY
11 K00-K93 消化系统疾病	K00-K14 口腔、涎腺和颌疾病	K05	龈炎和牙周疾病	K05.1	慢性龈炎	K05.106	脱屑性龈炎	K05	K05.1	FALSE		diagnosis	Chronic gingivitis	Gingivitis and periodontal diseases	Chronic gingivitis	MEDIUM	K05.1	Chronic gingivitis	Chronic gingivitis	Desquamative gingivitis	CLINICAL_STANDARD	DENTAL_TERMINOLOGY
11 K00-K93 消化系统疾病	K00-K14 口腔、涎腺和颌疾病	K05	龈炎和牙周疾病	K05.2	急性牙周炎	K05.200	急性牙周炎	K05	K05.2	FALSE		diagnosis	Acute periodontitis	Gingivitis and periodontal diseases	Acute periodontitis	HIGH	K05.2	Acute periodontitis	Acute periodontitis	Acute periodontitis	WHO_EXACT	WHO_ICD10
11 K00-K93 消化系统疾病	K00-K14 口腔、涎腺和颌疾病	K05	龈炎和牙周疾病	K05.2	急性牙周炎	K05.200x002	急性多发性龈脓肿	K05	K05.200	TRUE	002	subtype	Acute periodontitis	Gingivitis and periodontal diseases	Acute periodontitis	LOW	K05.2	Acute periodontitis	Acute periodontitis	Acute multiple gingival abscesses	LOCAL_SUBTYPE_TRANSLATION	DENTAL_TERMINOLOGY
11 K00-K93 消化系统疾病	K00-K14 口腔、涎腺和颌疾病	K05	龈炎和牙周疾病	K05.2	急性牙周炎	K05.201	牙周脓肿	K05	K05.2	FALSE		diagnosis	Acute periodontitis	Gingivitis and periodontal diseases	Acute periodontitis	MEDIUM	K05.2	Acute periodontitis	Acute periodontitis	Periodontal abscess	CLINICAL_STANDARD	DENTAL_TERMINOLOGY
11 K00-K93 消化系统疾病	K00-K14 口腔、涎腺和颌疾病	K05	龈炎和牙周疾病	K05.2	急性牙周炎	K05.202	牙冠周脓肿	K05	K05.2	FALSE		diagnosis	Acute periodontitis	Gingivitis and periodontal diseases	Acute periodontitis	MEDIUM	K05.2	Acute periodontitis	Acute periodontitis	Pericoronal abscess	CLINICAL_STANDARD	DENTAL_TERMINOLOGY
11 K00-K93 消化系统疾病	K00-K14 口腔、涎腺和颌疾病	K05	龈炎和牙周疾病	K05.2	急性牙周炎	K05.203	牙龈脓肿	K05	K05.2	FALSE		diagnosis	Acute periodontitis	Gingivitis and periodontal diseases	Acute periodontitis	MEDIUM	K05.2	Acute periodontitis	Acute periodontitis	Gingival abscess	CLINICAL_STANDARD	DENTAL_TERMINOLOGY
11 K00-K93 消化系统疾病	K00-K14 口腔、涎腺和颌疾病	K05	龈炎和牙周疾病	K05.2	急性牙周炎	K05.204	急性冠周炎	K05	K05.2	FALSE		diagnosis	Acute periodontitis	Gingivitis and periodontal diseases	Acute periodontitis	MEDIUM	K05.2	Acute periodontitis	Acute periodontitis	Acute pericoronitis	CLINICAL_STANDARD	DENTAL_TERMINOLOGY
11 K00-K93 消化系统疾病	K00-K14 口腔、涎腺和颌疾病	K05	龈炎和牙周疾病	K05.3	慢性牙周炎	K05.300	慢性牙周炎	K05	K05.3	FALSE		diagnosis	Chronic periodontitis	Gingivitis and periodontal diseases	Chronic periodontitis	HIGH	K05.3	Chronic periodontitis	Chronic periodontitis	Chronic periodontitis	WHO_EXACT	WHO_ICD10
11 K00-K93 消化系统疾病	K00-K14 口腔、涎腺和颌疾病	K05	龈炎和牙周疾病	K05.3	慢性牙周炎	K05.300x002	复合性牙周炎	K05	K05.300	TRUE	002	subtype	Chronic periodontitis	Gingivitis and periodontal diseases	Chronic periodontitis	LOW	K05.3	Chronic periodontitis	Chronic periodontitis	Combined periodontitis	LOCAL_SUBTYPE_TRANSLATION	DENTAL_TERMINOLOGY
11 K00-K93 消化系统疾病	K00-K14 口腔、涎腺和颌疾病	K05	龈炎和牙周疾病	K05.3	慢性牙周炎	K05.301	单纯性牙周炎	K05	K05.3	FALSE		diagnosis	Chronic periodontitis	Gingivitis and periodontal diseases	Chronic periodontitis	MEDIUM	K05.3	Chronic periodontitis	Chronic periodontitis	Simple periodontitis	CLINICAL_STANDARD	DENTAL_TERMINOLOGY
11 K00-K93 消化系统疾病	K00-K14 口腔、涎腺和颌疾病	K05	龈炎和牙周疾病	K05.4	牙周变性	K05.400	牙周变性	K05	K05.4	FALSE		diagnosis	Periodontosis	Gingivitis and periodontal diseases	Periodontosis	HIGH	K05.4	Periodontosis	Periodontosis	Periodontosis	WHO_EXACT	WHO_ICD10
11 K00-K93 消化系统疾病	K00-K14 口腔、涎腺和颌疾病	K05	龈炎和牙周疾病	K05.4	牙周变性	K05.400x002	幼年牙周变性	K05	K05.400	TRUE	002	subtype	Periodontosis	Gingivitis and periodontal diseases	Periodontosis	LOW	K05.4	Periodontosis	Periodontosis	Juvenile periodontosis	LOCAL_SUBTYPE_TRANSLATION	DENTAL_TERMINOLOGY
11 K00-K93 消化系统疾病	K00-K14 口腔、涎腺和颌疾病	K05	龈炎和牙周疾病	K05.5	其他的牙周疾病	K05.500	牙周疾病，其他的	K05	K05.5	FALSE		diagnosis	Other periodontal diseases	Gingivitis and periodontal diseases	Other periodontal diseases	HIGH	K05.5	Other periodontal diseases	Other periodontal diseases	Other periodontal diseases	WHO_EXACT	WHO_ICD10
11 K00-K93 消化系统疾病	K00-K14 口腔、涎腺和颌疾病	K05	龈炎和牙周疾病	K05.5	其他的牙周疾病	K05.500x001	咬合创伤	K05	K05.500	TRUE	001	subtype	Other periodontal diseases	Gingivitis and periodontal diseases	Other periodontal diseases	LOW	K05.5	Other periodontal diseases	Other periodontal diseases	Occlusal trauma	LOCAL_SUBTYPE_TRANSLATION	DENTAL_TERMINOLOGY
11 K00-K93 消化系统疾病	K00-K14 口腔、涎腺和颌疾病	K05	龈炎和牙周疾病	K05.5	其他的牙周疾病	K05.500x002	侵袭性牙周炎	K05	K05.500	TRUE	002	subtype	Other periodontal diseases	Gingivitis and periodontal diseases	Other periodontal diseases	LOW	K05.5	Other periodontal diseases	Other periodontal diseases	Aggressive periodontitis	LOCAL_SUBTYPE_TRANSLATION	DENTAL_TERMINOLOGY
11 K00-K93 消化系统疾病	K00-K14 口腔、涎腺和颌疾病	K05	龈炎和牙周疾病	K05.5	其他的牙周疾病	K05.500x003	根分歧病变	K05	K05.500	TRUE	003	subtype	Other periodontal diseases	Gingivitis and periodontal diseases	Other periodontal diseases	LOW	K05.5	Other periodontal diseases	Other periodontal diseases	Furcation involvement	LOCAL_SUBTYPE_TRANSLATION	DENTAL_TERMINOLOGY
11 K00-K93 消化系统疾病	K00-K14 口腔、涎腺和颌疾病	K05	龈炎和牙周疾病	K05.5	其他的牙周疾病	K05.500x005	种植体周围炎	K05	K05.500	TRUE	005	subtype	Other periodontal diseases	Gingivitis and periodontal diseases	Other periodontal diseases	LOW	K05.5	Other periodontal diseases	Other periodontal diseases	Peri-implantitis	LOCAL_SUBTYPE_TRANSLATION	DENTAL_TERMINOLOGY
11 K00-K93 消化系统疾病	K00-K14 口腔、涎腺和颌疾病	K05	龈炎和牙周疾病	K05.6	未特指的牙周病	K05.600	牙周病	K05	K05.6	FALSE		diagnosis	Periodontal disease, unspecified	Gingivitis and periodontal diseases	Periodontal disease, unspecified	HIGH	K05.6	Periodontal disease, unspecified	Periodontal disease, unspecified	Periodontal disease, unspecified	WHO_EXACT	WHO_ICD10
11 K00-K93 消化系统疾病	K00-K14 口腔、涎腺和颌疾病	K06	牙龈和无牙牙槽嵴的其他疾患	K06.0	牙龈退缩	K06.000	牙龈退缩	K06	K06.0	FALSE		diagnosis	Gingival recession	Other disorders of gingiva and edentulous alveolar ridge	Gingival recession	HIGH	K06.0	Gingival recession	Gingival recession	Gingival recession	WHO_EXACT	WHO_ICD10
11 K00-K93 消化系统疾病	K00-K14 口腔、涎腺和颌疾病	K06	牙龈和无牙牙槽嵴的其他疾患	K06.0	牙龈退缩	K06.000x002	局部性牙龈退缩	K06	K06.000	TRUE	002	subtype	Gingival recession	Other disorders of gingiva and edentulous alveolar ridge	Gingival recession	LOW	K06.0	Gingival recession	Gingival recession	Localized gingival recession	LOCAL_SUBTYPE_TRANSLATION	DENTAL_TERMINOLOGY
11 K00-K93 消化系统疾病	K00-K14 口腔、涎腺和颌疾病	K06	牙龈和无牙牙槽嵴的其他疾患	K06.0	牙龈退缩	K06.000x003	感染后牙龈退缩	K06	K06.000	TRUE	003	subtype	Gingival recession	Other disorders of gingiva and edentulous alveolar ridge	Gingival recession	LOW	K06.0	Gingival recession	Gingival recession	Postinfective gingival recession	LOCAL_SUBTYPE_TRANSLATION	DENTAL_TERMINOLOGY
11 K00-K93 消化系统疾病	K00-K14 口腔、涎腺和颌疾病	K06	牙龈和无牙牙槽嵴的其他疾患	K06.0	牙龈退缩	K06.000x004	手术后牙龈退缩	K06	K06.000	TRUE	004	subtype	Gingival recession	Other disorders of gingiva and edentulous alveolar ridge	Gingival recession	LOW	K06.0	Gingival recession	Gingival recession	Postsurgical gingival recession	LOCAL_SUBTYPE_TRANSLATION	DENTAL_TERMINOLOGY
11 K00-K93 消化系统疾病	K00-K14 口腔、涎腺和颌疾病	K06	牙龈和无牙牙槽嵴的其他疾患	K06.1	牙龈增厚	K06.100	牙龈增厚	K06	K06.1	FALSE		diagnosis	Gingival enlargement	Other disorders of gingiva and edentulous alveolar ridge	Gingival enlargement	HIGH	K06.1	Gingival enlargement	Gingival enlargement	Gingival enlargement	WHO_EXACT	WHO_ICD10
11 K00-K93 消化系统疾病	K00-K14 口腔、涎腺和颌疾病	K06	牙龈和无牙牙槽嵴的其他疾患	K06.1	牙龈增厚	K06.100x001	牙龈增生	K06	K06.100	TRUE	001	subtype	Gingival enlargement	Other disorders of gingiva and edentulous alveolar ridge	Gingival enlargement	LOW	K06.1	Gingival enlargement	Gingival enlargement	Gingival hyperplasia	LOCAL_SUBTYPE_TRANSLATION	DENTAL_TERMINOLOGY
11 K00-K93 消化系统疾病	K00-K14 口腔、涎腺和颌疾病	K06	牙龈和无牙牙槽嵴的其他疾患	K06.1	牙龈增厚	K06.100x002	药物性牙龈增生	K06	K06.100	TRUE	002	subtype	Gingival enlargement	Other disorders of gingiva and edentulous alveolar ridge	Gingival enlargement	LOW	K06.1	Gingival enlargement	Gingival enlargement	Drug-induced gingival hyperplasia	LOCAL_SUBTYPE_TRANSLATION	DENTAL_TERMINOLOGY
11 K00-K93 消化系统疾病	K00-K14 口腔、涎腺和颌疾病	K06	牙龈和无牙牙槽嵴的其他疾患	K06.1	牙龈增厚	K06.100x003	遗传性龈纤维瘤病	K06	K06.100	TRUE	003	subtype	Gingival enlargement	Other disorders of gingiva and edentulous alveolar ridge	Gingival enlargement	LOW	K06.1	Gingival enlargement	Gingival enlargement	Hereditary gingival fibromatosis	LOCAL_SUBTYPE_TRANSLATION	DENTAL_TERMINOLOGY
11 K00-K93 消化系统疾病	K00-K14 口腔、涎腺和颌疾病	K06	牙龈和无牙牙槽嵴的其他疾患	K06.2	与创伤有关的牙龈和无牙牙槽嵴损害	K06.200	与创伤有关的牙龈和无牙牙槽嵴损害	K06	K06.2	FALSE		diagnosis	Gingival and edentulous alveolar ridge lesions associated with trauma	Other disorders of gingiva and edentulous alveolar ridge	Gingival and edentulous alveolar ridge lesions associated with trauma	HIGH	K06.2	Gingival and edentulous alveolar ridge lesions associated with trauma	Gingival and edentulous alveolar ridge lesions associated with trauma	Gingival and edentulous alveolar ridge lesions associated with trauma	WHO_EXACT	WHO_ICD10
11 K00-K93 消化系统疾病	K00-K14 口腔、涎腺和颌疾病	K06	牙龈和无牙牙槽嵴的其他疾患	K06.8	牙龈和无牙牙槽嵴其他特指的疾患	K06.800	牙龈和无牙牙槽嵴其他特指的疾患	K06	K06.8	FALSE		diagnosis	Other specified disorders of gingiva and edentulous alveolar ridge	Other disorders of gingiva and edentulous alveolar ridge	Other specified disorders of gingiva and edentulous alveolar ridge	HIGH	K06.8	Other specified disorders of gingiva and edentulous alveolar ridge	Other specified disorders of gingiva and edentulous alveolar ridge	Other specified disorders of gingiva and edentulous alveolar ridge	WHO_EXACT	WHO_ICD10
11 K00-K93 消化系统疾病	K00-K14 口腔、涎腺和颌疾病	K06	牙龈和无牙牙槽嵴的其他疾患	K06.8	牙龈和无牙牙槽嵴其他特指的疾患	K06.800x009	牙周巨细胞肉芽肿	K06	K06.800	TRUE	009	subtype	Other specified disorders of gingiva and edentulous alveolar ridge	Other disorders of gingiva and edentulous alveolar ridge	Other specified disorders of gingiva and edentulous alveolar ridge	LOW	K06.8	Other specified disorders of gingiva and edentulous alveolar ridge	Other specified disorders of gingiva and edentulous alveolar ridge	Peripheral giant cell granuloma	LOCAL_SUBTYPE_TRANSLATION	DENTAL_TERMINOLOGY
11 K00-K93 消化系统疾病	K00-K14 口腔、涎腺和颌疾病	K06	牙龈和无牙牙槽嵴的其他疾患	K06.8	牙龈和无牙牙槽嵴其他特指的疾患	K06.800x012	牙龈黑斑	K06	K06.800	TRUE	012	subtype	Other specified disorders of gingiva and edentulous alveolar ridge	Other disorders of gingiva and edentulous alveolar ridge	Other specified disorders of gingiva and edentulous alveolar ridge	LOW	K06.8	Other specified disorders of gingiva and edentulous alveolar ridge	Other specified disorders of gingiva and edentulous alveolar ridge	Gingival melanotic macule	LOCAL_SUBTYPE_TRANSLATION	DENTAL_TERMINOLOGY
11 K00-K93 消化系统疾病	K00-K14 口腔、涎腺和颌疾病	K06	牙龈和无牙牙槽嵴的其他疾患	K06.8	牙龈和无牙牙槽嵴其他特指的疾患	K06.800x013	牙龈粘膜色素沉着	K06	K06.800	TRUE	013	subtype	Other specified disorders of gingiva and edentulous alveolar ridge	Other disorders of gingiva and edentulous alveolar ridge	Other specified disorders of gingiva and edentulous alveolar ridge	LOW	K06.8	Other specified disorders of gingiva and edentulous alveolar ridge	Other specified disorders of gingiva and edentulous alveolar ridge	Gingival mucosal pigmentation	LOCAL_SUBTYPE_TRANSLATION	DENTAL_TERMINOLOGY
11 K00-K93 消化系统疾病	K00-K14 口腔、涎腺和颌疾病	K06	牙龈和无牙牙槽嵴的其他疾患	K06.8	牙龈和无牙牙槽嵴其他特指的疾患	K06.800x014	种植体周围黏膜炎	K06	K06.800	TRUE	014	subtype	Other specified disorders of gingiva and edentulous alveolar ridge	Other disorders of gingiva and edentulous alveolar ridge	Other specified disorders of gingiva and edentulous alveolar ridge	LOW	K06.8	Other specified disorders of gingiva and edentulous alveolar ridge	Other specified disorders of gingiva and edentulous alveolar ridge	Peri-implant mucositis	LOCAL_SUBTYPE_TRANSLATION	DENTAL_TERMINOLOGY
11 K00-K93 消化系统疾病	K00-K14 口腔、涎腺和颌疾病	K06	牙龈和无牙牙槽嵴的其他疾患	K06.8	牙龈和无牙牙槽嵴其他特指的疾患	K06.800x015	白血病的龈病损	K06	K06.800	TRUE	015	subtype	Other specified disorders of gingiva and edentulous alveolar ridge	Other disorders of gingiva and edentulous alveolar ridge	Other specified disorders of gingiva and edentulous alveolar ridge	LOW	K06.8	Other specified disorders of gingiva and edentulous alveolar ridge	Other specified disorders of gingiva and edentulous alveolar ridge	Leukemic gingival lesion	LOCAL_SUBTYPE_TRANSLATION	DENTAL_TERMINOLOGY
11 K00-K93 消化系统疾病	K00-K14 口腔、涎腺和颌疾病	K06	牙龈和无牙牙槽嵴的其他疾患	K06.8	牙龈和无牙牙槽嵴其他特指的疾患	K06.801	牙龈化脓性肉芽肿	K06	K06.8	FALSE		diagnosis	Other specified disorders of gingiva and edentulous alveolar ridge	Other disorders of gingiva and edentulous alveolar ridge	Other specified disorders of gingiva and edentulous alveolar ridge	MEDIUM	K06.8	Other specified disorders of gingiva and edentulous alveolar ridge	Other specified disorders of gingiva and edentulous alveolar ridge	Other specified disorders of gingiva and edentulous alveolar ridge	WHO_PARENT_INHERITED	WHO_ICD10
11 K00-K93 消化系统疾病	K00-K14 口腔、涎腺和颌疾病	K06	牙龈和无牙牙槽嵴的其他疾患	K06.8	牙龈和无牙牙槽嵴其他特指的疾患	K06.802	巨细胞性牙龈瘤	K06	K06.8	FALSE		diagnosis	Other specified disorders of gingiva and edentulous alveolar ridge	Other disorders of gingiva and edentulous alveolar ridge	Other specified disorders of gingiva and edentulous alveolar ridge	MEDIUM	K06.8	Other specified disorders of gingiva and edentulous alveolar ridge	Other specified disorders of gingiva and edentulous alveolar ridge	Other specified disorders of gingiva and edentulous alveolar ridge	WHO_PARENT_INHERITED	WHO_ICD10
11 K00-K93 消化系统疾病	K00-K14 口腔、涎腺和颌疾病	K06	牙龈和无牙牙槽嵴的其他疾患	K06.8	牙龈和无牙牙槽嵴其他特指的疾患	K06.803	牙龈瘤	K06	K06.8	FALSE		diagnosis	Other specified disorders of gingiva and edentulous alveolar ridge	Other disorders of gingiva and edentulous alveolar ridge	Other specified disorders of gingiva and edentulous alveolar ridge	MEDIUM	K06.8	Other specified disorders of gingiva and edentulous alveolar ridge	Other specified disorders of gingiva and edentulous alveolar ridge	Other specified disorders of gingiva and edentulous alveolar ridge	WHO_PARENT_INHERITED	WHO_ICD10
11 K00-K93 消化系统疾病	K00-K14 口腔、涎腺和颌疾病	K06	牙龈和无牙牙槽嵴的其他疾患	K06.8	牙龈和无牙牙槽嵴其他特指的疾患	K06.804	牙龈出血	K06	K06.8	FALSE		diagnosis	Other specified disorders of gingiva and edentulous alveolar ridge	Other disorders of gingiva and edentulous alveolar ridge	Other specified disorders of gingiva and edentulous alveolar ridge	MEDIUM	K06.8	Other specified disorders of gingiva and edentulous alveolar ridge	Other specified disorders of gingiva and edentulous alveolar ridge	hemorrhage of gingiva	CLINICAL_TRANSLATION	CLINICAL_TRANSLATION
11 K00-K93 消化系统疾病	K00-K14 口腔、涎腺和颌疾病	K06	牙龈和无牙牙槽嵴的其他疾患	K06.8	牙龈和无牙牙槽嵴其他特指的疾患	K06.805	牙龈瘘管	K06	K06.8	FALSE		diagnosis	Other specified disorders of gingiva and edentulous alveolar ridge	Other disorders of gingiva and edentulous alveolar ridge	Other specified disorders of gingiva and edentulous alveolar ridge	MEDIUM	K06.8	Other specified disorders of gingiva and edentulous alveolar ridge	Other specified disorders of gingiva and edentulous alveolar ridge	fistula of gingiva	CLINICAL_TRANSLATION	CLINICAL_TRANSLATION
11 K00-K93 消化系统疾病	K00-K14 口腔、涎腺和颌疾病	K06	牙龈和无牙牙槽嵴的其他疾患	K06.8	牙龈和无牙牙槽嵴其他特指的疾患	K06.806	牙龈溃疡	K06	K06.8	FALSE		diagnosis	Other specified disorders of gingiva and edentulous alveolar ridge	Other disorders of gingiva and edentulous alveolar ridge	Other specified disorders of gingiva and edentulous alveolar ridge	MEDIUM	K06.8	Other specified disorders of gingiva and edentulous alveolar ridge	Other specified disorders of gingiva and edentulous alveolar ridge	ulcer of gingiva	CLINICAL_TRANSLATION	CLINICAL_TRANSLATION
11 K00-K93 消化系统疾病	K00-K14 口腔、涎腺和颌疾病	K06	牙龈和无牙牙槽嵴的其他疾患	K06.8	牙龈和无牙牙槽嵴其他特指的疾患	K06.807	牙龈息肉	K06	K06.8	FALSE		diagnosis	Other specified disorders of gingiva and edentulous alveolar ridge	Other disorders of gingiva and edentulous alveolar ridge	Other specified disorders of gingiva and edentulous alveolar ridge	MEDIUM	K06.8	Other specified disorders of gingiva and edentulous alveolar ridge	Other specified disorders of gingiva and edentulous alveolar ridge	polyp of gingiva	CLINICAL_TRANSLATION	CLINICAL_TRANSLATION
11 K00-K93 消化系统疾病	K00-K14 口腔、涎腺和颌疾病	K06	牙龈和无牙牙槽嵴的其他疾患	K06.8	牙龈和无牙牙槽嵴其他特指的疾患	K06.808	牙槽嵴松弛	K06	K06.8	FALSE		diagnosis	Other specified disorders of gingiva and edentulous alveolar ridge	Other disorders of gingiva and edentulous alveolar ridge	Other specified disorders of gingiva and edentulous alveolar ridge	MEDIUM	K06.8	Other specified disorders of gingiva and edentulous alveolar ridge	Other specified disorders of gingiva and edentulous alveolar ridge	Other specified disorders of gingiva and edentulous alveolar ridge	WHO_PARENT_INHERITED	WHO_ICD10
11 K00-K93 消化系统疾病	K00-K14 口腔、涎腺和颌疾病	K06	牙龈和无牙牙槽嵴的其他疾患	K06.8	牙龈和无牙牙槽嵴其他特指的疾患	K06.809	纤维性牙龈瘤	K06	K06.8	FALSE		diagnosis	Other specified disorders of gingiva and edentulous alveolar ridge	Other disorders of gingiva and edentulous alveolar ridge	Other specified disorders of gingiva and edentulous alveolar ridge	MEDIUM	K06.8	Other specified disorders of gingiva and edentulous alveolar ridge	Other specified disorders of gingiva and edentulous alveolar ridge	Other specified disorders of gingiva and edentulous alveolar ridge	WHO_PARENT_INHERITED	WHO_ICD10
11 K00-K93 消化系统疾病	K00-K14 口腔、涎腺和颌疾病	K06	牙龈和无牙牙槽嵴的其他疾患	K06.8	牙龈和无牙牙槽嵴其他特指的疾患	K06.810	龈沟赘生物	K06	K06.8	FALSE		diagnosis	Other specified disorders of gingiva and edentulous alveolar ridge	Other disorders of gingiva and edentulous alveolar ridge	Other specified disorders of gingiva and edentulous alveolar ridge	MEDIUM	K06.8	Other specified disorders of gingiva and edentulous alveolar ridge	Other specified disorders of gingiva and edentulous alveolar ridge	Other specified disorders of gingiva and edentulous alveolar ridge	WHO_PARENT_INHERITED	WHO_ICD10
11 K00-K93 消化系统疾病	K00-K14 口腔、涎腺和颌疾病	K06	牙龈和无牙牙槽嵴的其他疾患	K06.9	牙龈和无牙牙槽嵴未特指的疾患	K06.900	牙龈和无牙牙槽嵴疾患	K06	K06.9	FALSE		diagnosis	Disorder of gingiva and edentulous alveolar ridge, unspecified	Other disorders of gingiva and edentulous alveolar ridge	Disorder of gingiva and edentulous alveolar ridge, unspecified	HIGH	K06.9	Disorder of gingiva and edentulous alveolar ridge, unspecified	Disorder of gingiva and edentulous alveolar ridge, unspecified	Disorder of gingiva and edentulous alveolar ridge, unspecified	WHO_EXACT	WHO_ICD10
11 K00-K93 消化系统疾病	K00-K14 口腔、涎腺和颌疾病	K06	牙龈和无牙牙槽嵴的其他疾患	K06.9	牙龈和无牙牙槽嵴未特指的疾患	K06.901	牙龈肿物	K06	K06.9	FALSE		diagnosis	Disorder of gingiva and edentulous alveolar ridge, unspecified	Other disorders of gingiva and edentulous alveolar ridge	Disorder of gingiva and edentulous alveolar ridge, unspecified	MEDIUM	K06.9	Disorder of gingiva and edentulous alveolar ridge, unspecified	Disorder of gingiva and edentulous alveolar ridge, unspecified	mass of gingiva	CLINICAL_TRANSLATION	CLINICAL_TRANSLATION
11 K00-K93 消化系统疾病	K00-K14 口腔、涎腺和颌疾病	K07	牙面畸形[包括错𬌗]	K07.0	颌大小的主要畸形	K07.000	颌大小的主要畸形	K07	K07.0	FALSE		diagnosis	Major anomalies of jaw size	Dentofacial anomalies [including malocclusion]	Major anomalies of jaw size	HIGH	K07.0	Major anomalies of jaw size	Major anomalies of jaw size	Major anomalies of jaw size	WHO_EXACT	WHO_ICD10
11 K00-K93 消化系统疾病	K00-K14 口腔、涎腺和颌疾病	K07	牙面畸形[包括错𬌗]	K07.0	颌大小的主要畸形	K07.000x002	上颌骨纤维增生	K07	K07.000	TRUE	002	subtype	Major anomalies of jaw size	Dentofacial anomalies [including malocclusion]	Major anomalies of jaw size	LOW	K07.0	Major anomalies of jaw size	Major anomalies of jaw size	Fibrous hyperplasia of maxilla	LOCAL_SUBTYPE_TRANSLATION	DENTAL_TERMINOLOGY
11 K00-K93 消化系统疾病	K00-K14 口腔、涎腺和颌疾病	K07	牙面畸形[包括错𬌗]	K07.0	颌大小的主要畸形	K07.000x004	下颌骨增生	K07	K07.000	TRUE	004	subtype	Major anomalies of jaw size	Dentofacial anomalies [including malocclusion]	Major anomalies of jaw size	LOW	K07.0	Major anomalies of jaw size	Major anomalies of jaw size	Mandibular hyperplasia	LOCAL_SUBTYPE_TRANSLATION	DENTAL_TERMINOLOGY
11 K00-K93 消化系统疾病	K00-K14 口腔、涎腺和颌疾病	K07	牙面畸形[包括错𬌗]	K07.0	颌大小的主要畸形	K07.000x007	巨上颌	K07	K07.000	TRUE	007	subtype	Major anomalies of jaw size	Dentofacial anomalies [including malocclusion]	Major anomalies of jaw size	LOW	K07.0	Major anomalies of jaw size	Major anomalies of jaw size	Macromaxilla	LOCAL_SUBTYPE_TRANSLATION	DENTAL_TERMINOLOGY
11 K00-K93 消化系统疾病	K00-K14 口腔、涎腺和颌疾病	K07	牙面畸形[包括错𬌗]	K07.0	颌大小的主要畸形	K07.000x008	小下颌	K07	K07.000	TRUE	008	subtype	Major anomalies of jaw size	Dentofacial anomalies [including malocclusion]	Major anomalies of jaw size	LOW	K07.0	Major anomalies of jaw size	Major anomalies of jaw size	Micrognathia of mandible	LOCAL_SUBTYPE_TRANSLATION	DENTAL_TERMINOLOGY
11 K00-K93 消化系统疾病	K00-K14 口腔、涎腺和颌疾病	K07	牙面畸形[包括错𬌗]	K07.0	颌大小的主要畸形	K07.000x009	小上颌	K07	K07.000	TRUE	009	subtype	Major anomalies of jaw size	Dentofacial anomalies [including malocclusion]	Major anomalies of jaw size	LOW	K07.0	Major anomalies of jaw size	Major anomalies of jaw size	Micrognathia of maxilla	LOCAL_SUBTYPE_TRANSLATION	DENTAL_TERMINOLOGY
11 K00-K93 消化系统疾病	K00-K14 口腔、涎腺和颌疾病	K07	牙面畸形[包括错𬌗]	K07.0	颌大小的主要畸形	K07.000x011	颏后缩	K07	K07.000	TRUE	011	subtype	Major anomalies of jaw size	Dentofacial anomalies [including malocclusion]	Major anomalies of jaw size	LOW	K07.0	Major anomalies of jaw size	Major anomalies of jaw size	Retrogenia	LOCAL_SUBTYPE_TRANSLATION	DENTAL_TERMINOLOGY
11 K00-K93 消化系统疾病	K00-K14 口腔、涎腺和颌疾病	K07	牙面畸形[包括错𬌗]	K07.0	颌大小的主要畸形	K07.000x012	方颏畸形	K07	K07.000	TRUE	012	subtype	Major anomalies of jaw size	Dentofacial anomalies [including malocclusion]	Major anomalies of jaw size	LOW	K07.0	Major anomalies of jaw size	Major anomalies of jaw size	Square chin deformity	LOCAL_SUBTYPE_TRANSLATION	DENTAL_TERMINOLOGY
11 K00-K93 消化系统疾病	K00-K14 口腔、涎腺和颌疾病	K07	牙面畸形[包括错𬌗]	K07.0	颌大小的主要畸形	K07.000x013	颏部畸形	K07	K07.000	TRUE	013	subtype	Major anomalies of jaw size	Dentofacial anomalies [including malocclusion]	Major anomalies of jaw size	LOW	K07.0	Major anomalies of jaw size	Major anomalies of jaw size	Chin deformity	LOCAL_SUBTYPE_TRANSLATION	DENTAL_TERMINOLOGY
11 K00-K93 消化系统疾病	K00-K14 口腔、涎腺和颌疾病	K07	牙面畸形[包括错𬌗]	K07.0	颌大小的主要畸形	K07.002	巨颌症	K07	K07.0	FALSE		diagnosis	Major anomalies of jaw size	Dentofacial anomalies [including malocclusion]	Major anomalies of jaw size	MEDIUM	K07.0	Major anomalies of jaw size	Major anomalies of jaw size	Macrognathia	CLINICAL_STANDARD	DENTAL_TERMINOLOGY
11 K00-K93 消化系统疾病	K00-K14 口腔、涎腺和颌疾病	K07	牙面畸形[包括错𬌗]	K07.0	颌大小的主要畸形	K07.003	颌骨发育不全	K07	K07.0	FALSE		diagnosis	Major anomalies of jaw size	Dentofacial anomalies [including malocclusion]	Major anomalies of jaw size	MEDIUM	K07.0	Major anomalies of jaw size	Major anomalies of jaw size	Hypoplasia of jaw	CLINICAL_STANDARD	DENTAL_TERMINOLOGY
11 K00-K93 消化系统疾病	K00-K14 口腔、涎腺和颌疾病	K07	牙面畸形[包括错𬌗]	K07.0	颌大小的主要畸形	K07.004	上颌骨骨质增生	K07	K07.0	FALSE		diagnosis	Major anomalies of jaw size	Dentofacial anomalies [including malocclusion]	Major anomalies of jaw size	MEDIUM	K07.0	Major anomalies of jaw size	Major anomalies of jaw size	Hyperostosis of maxilla	CLINICAL_STANDARD	DENTAL_TERMINOLOGY
11 K00-K93 消化系统疾病	K00-K14 口腔、涎腺和颌疾病	K07	牙面畸形[包括错𬌗]	K07.0	颌大小的主要畸形	K07.005	上颌骨发育不全	K07	K07.0	FALSE		diagnosis	Major anomalies of jaw size	Dentofacial anomalies [including malocclusion]	Major anomalies of jaw size	MEDIUM	K07.0	Major anomalies of jaw size	Major anomalies of jaw size	Maxillary hypoplasia	CLINICAL_STANDARD	DENTAL_TERMINOLOGY
11 K00-K93 消化系统疾病	K00-K14 口腔、涎腺和颌疾病	K07	牙面畸形[包括错𬌗]	K07.0	颌大小的主要畸形	K07.006	下颌骨骨质增生	K07	K07.0	FALSE		diagnosis	Major anomalies of jaw size	Dentofacial anomalies [including malocclusion]	Major anomalies of jaw size	MEDIUM	K07.0	Major anomalies of jaw size	Major anomalies of jaw size	Hyperostosis of mandible	CLINICAL_STANDARD	DENTAL_TERMINOLOGY
11 K00-K93 消化系统疾病	K00-K14 口腔、涎腺和颌疾病	K07	牙面畸形[包括错𬌗]	K07.0	颌大小的主要畸形	K07.007	下颌发育不全	K07	K07.0	FALSE		diagnosis	Major anomalies of jaw size	Dentofacial anomalies [including malocclusion]	Major anomalies of jaw size	MEDIUM	K07.0	Major anomalies of jaw size	Major anomalies of jaw size	Mandibular hypoplasia	CLINICAL_STANDARD	DENTAL_TERMINOLOGY
11 K00-K93 消化系统疾病	K00-K14 口腔、涎腺和颌疾病	K07	牙面畸形[包括错𬌗]	K07.0	颌大小的主要畸形	K07.008	下颌角肥大	K07	K07.0	FALSE		diagnosis	Major anomalies of jaw size	Dentofacial anomalies [including malocclusion]	Major anomalies of jaw size	MEDIUM	K07.0	Major anomalies of jaw size	Major anomalies of jaw size	Hypertrophy of mandibular angle	CLINICAL_STANDARD	DENTAL_TERMINOLOGY
11 K00-K93 消化系统疾病	K00-K14 口腔、涎腺和颌疾病	K07	牙面畸形[包括错𬌗]	K07.0	颌大小的主要畸形	K07.009	下颌角肥大伴咬肌肥大	K07	K07.0	FALSE		diagnosis	Major anomalies of jaw size	Dentofacial anomalies [including malocclusion]	Major anomalies of jaw size	MEDIUM	K07.0	Major anomalies of jaw size	Major anomalies of jaw size	Hypertrophy of mandibular angle with masseter hypertrophy	CLINICAL_STANDARD	DENTAL_TERMINOLOGY
11 K00-K93 消化系统疾病	K00-K14 口腔、涎腺和颌疾病	K07	牙面畸形[包括错𬌗]	K07.0	颌大小的主要畸形	K07.010	小颌畸形	K07	K07.0	FALSE		diagnosis	Major anomalies of jaw size	Dentofacial anomalies [including malocclusion]	Major anomalies of jaw size	MEDIUM	K07.0	Major anomalies of jaw size	Major anomalies of jaw size	Micrognathia	CLINICAL_STANDARD	DENTAL_TERMINOLOGY
11 K00-K93 消化系统疾病	K00-K14 口腔、涎腺和颌疾病	K07	牙面畸形[包括错𬌗]	K07.0	颌大小的主要畸形	K07.011	小颏畸形	K07	K07.0	FALSE		diagnosis	Major anomalies of jaw size	Dentofacial anomalies [including malocclusion]	Major anomalies of jaw size	MEDIUM	K07.0	Major anomalies of jaw size	Major anomalies of jaw size	Microgenia	CLINICAL_STANDARD	DENTAL_TERMINOLOGY
11 K00-K93 消化系统疾病	K00-K14 口腔、涎腺和颌疾病	K07	牙面畸形[包括错𬌗]	K07.0	颌大小的主要畸形	K07.012	唇腭裂术后颌骨发育不全	K07	K07.0	FALSE		diagnosis	Major anomalies of jaw size	Dentofacial anomalies [including malocclusion]	Major anomalies of jaw size	MEDIUM	K07.0	Major anomalies of jaw size	Major anomalies of jaw size	Jaw hypoplasia after cleft lip and palate surgery	CLINICAL_STANDARD	DENTAL_TERMINOLOGY
11 K00-K93 消化系统疾病	K00-K14 口腔、涎腺和颌疾病	K07	牙面畸形[包括错𬌗]	K07.1	颌-颅底关系异常	K07.100	颌-颅底关系异常	K07	K07.1	FALSE		diagnosis	Anomalies of jaw-cranial base relationship	Dentofacial anomalies [including malocclusion]	Anomalies of jaw-cranial base relationship	HIGH	K07.1	Anomalies of jaw-cranial base relationship	Anomalies of jaw-cranial base relationship	Anomalies of jaw-cranial base relationship	WHO_EXACT	WHO_ICD10
11 K00-K93 消化系统疾病	K00-K14 口腔、涎腺和颌疾病	K07	牙面畸形[包括错𬌗]	K07.1	颌-颅底关系异常	K07.100x008	错𬌗畸形骨性I类	K07	K07.100	TRUE	008	subtype	Anomalies of jaw-cranial base relationship	Dentofacial anomalies [including malocclusion]	Anomalies of jaw-cranial base relationship	LOW	K07.1	Anomalies of jaw-cranial base relationship	Anomalies of jaw-cranial base relationship	Skeletal Class I malocclusion	LOCAL_SUBTYPE_TRANSLATION	DENTAL_TERMINOLOGY
11 K00-K93 消化系统疾病	K00-K14 口腔、涎腺和颌疾病	K07	牙面畸形[包括错𬌗]	K07.1	颌-颅底关系异常	K07.100x009	错𬌗畸形骨性Ⅱ类	K07	K07.100	TRUE	009	subtype	Anomalies of jaw-cranial base relationship	Dentofacial anomalies [including malocclusion]	Anomalies of jaw-cranial base relationship	LOW	K07.1	Anomalies of jaw-cranial base relationship	Anomalies of jaw-cranial base relationship	Skeletal Class II malocclusion	LOCAL_SUBTYPE_TRANSLATION	DENTAL_TERMINOLOGY
11 K00-K93 消化系统疾病	K00-K14 口腔、涎腺和颌疾病	K07	牙面畸形[包括错𬌗]	K07.1	颌-颅底关系异常	K07.100x010	错𬌗畸形骨性Ⅲ类	K07	K07.100	TRUE	010	subtype	Anomalies of jaw-cranial base relationship	Dentofacial anomalies [including malocclusion]	Anomalies of jaw-cranial base relationship	LOW	K07.1	Anomalies of jaw-cranial base relationship	Anomalies of jaw-cranial base relationship	Skeletal Class III malocclusion	LOCAL_SUBTYPE_TRANSLATION	DENTAL_TERMINOLOGY
11 K00-K93 消化系统疾病	K00-K14 口腔、涎腺和颌疾病	K07	牙面畸形[包括错𬌗]	K07.1	颌-颅底关系异常	K07.100x011	颏部前突	K07	K07.100	TRUE	011	subtype	Anomalies of jaw-cranial base relationship	Dentofacial anomalies [including malocclusion]	Anomalies of jaw-cranial base relationship	LOW	K07.1	Anomalies of jaw-cranial base relationship	Anomalies of jaw-cranial base relationship	Progenia	LOCAL_SUBTYPE_TRANSLATION	DENTAL_TERMINOLOGY
11 K00-K93 消化系统疾病	K00-K14 口腔、涎腺和颌疾病	K07	牙面畸形[包括错𬌗]	K07.1	颌-颅底关系异常	K07.100x012	上颌前突下颌后缩	K07	K07.100	TRUE	012	subtype	Anomalies of jaw-cranial base relationship	Dentofacial anomalies [including malocclusion]	Anomalies of jaw-cranial base relationship	LOW	K07.1	Anomalies of jaw-cranial base relationship	Anomalies of jaw-cranial base relationship	Maxillary protrusion with mandibular retrusion	LOCAL_SUBTYPE_TRANSLATION	DENTAL_TERMINOLOGY
11 K00-K93 消化系统疾病	K00-K14 口腔、涎腺和颌疾病	K07	牙面畸形[包括错𬌗]	K07.1	颌-颅底关系异常	K07.100x014	上颌后缩下颌前突	K07	K07.100	TRUE	014	subtype	Anomalies of jaw-cranial base relationship	Dentofacial anomalies [including malocclusion]	Anomalies of jaw-cranial base relationship	LOW	K07.1	Anomalies of jaw-cranial base relationship	Anomalies of jaw-cranial base relationship	Maxillary retrusion with mandibular protrusion	LOCAL_SUBTYPE_TRANSLATION	DENTAL_TERMINOLOGY
11 K00-K93 消化系统疾病	K00-K14 口腔、涎腺和颌疾病	K07	牙面畸形[包括错𬌗]	K07.1	颌-颅底关系异常	K07.100x015	长面综合征	K07	K07.100	TRUE	015	subtype	Anomalies of jaw-cranial base relationship	Dentofacial anomalies [including malocclusion]	Anomalies of jaw-cranial base relationship	LOW	K07.1	Anomalies of jaw-cranial base relationship	Anomalies of jaw-cranial base relationship	Long face syndrome	LOCAL_SUBTYPE_TRANSLATION	DENTAL_TERMINOLOGY
11 K00-K93 消化系统疾病	K00-K14 口腔、涎腺和颌疾病	K07	牙面畸形[包括错𬌗]	K07.1	颌-颅底关系异常	K07.100x016	短面综合征	K07	K07.100	TRUE	016	subtype	Anomalies of jaw-cranial base relationship	Dentofacial anomalies [including malocclusion]	Anomalies of jaw-cranial base relationship	LOW	K07.1	Anomalies of jaw-cranial base relationship	Anomalies of jaw-cranial base relationship	Short face syndrome	LOCAL_SUBTYPE_TRANSLATION	DENTAL_TERMINOLOGY
11 K00-K93 消化系统疾病	K00-K14 口腔、涎腺和颌疾病	K07	牙面畸形[包括错𬌗]	K07.1	颌-颅底关系异常	K07.100x017	下颌前突偏斜	K07	K07.100	TRUE	017	subtype	Anomalies of jaw-cranial base relationship	Dentofacial anomalies [including malocclusion]	Anomalies of jaw-cranial base relationship	LOW	K07.1	Anomalies of jaw-cranial base relationship	Anomalies of jaw-cranial base relationship	Deviated mandibular prognathism	LOCAL_SUBTYPE_TRANSLATION	DENTAL_TERMINOLOGY
11 K00-K93 消化系统疾病	K00-K14 口腔、涎腺和颌疾病	K07	牙面畸形[包括错𬌗]	K07.1	颌-颅底关系异常	K07.101	偏颌畸形	K07	K07.1	FALSE		diagnosis	Anomalies of jaw-cranial base relationship	Dentofacial anomalies [including malocclusion]	Anomalies of jaw-cranial base relationship	MEDIUM	K07.1	Anomalies of jaw-cranial base relationship	Anomalies of jaw-cranial base relationship	Jaw asymmetry	CLINICAL_STANDARD	DENTAL_TERMINOLOGY
11 K00-K93 消化系统疾病	K00-K14 口腔、涎腺和颌疾病	K07	牙面畸形[包括错𬌗]	K07.1	颌-颅底关系异常	K07.102	双突颌畸形	K07	K07.1	FALSE		diagnosis	Anomalies of jaw-cranial base relationship	Dentofacial anomalies [including malocclusion]	Anomalies of jaw-cranial base relationship	MEDIUM	K07.1	Anomalies of jaw-cranial base relationship	Anomalies of jaw-cranial base relationship	Bimaxillary protrusion	CLINICAL_STANDARD	DENTAL_TERMINOLOGY
11 K00-K93 消化系统疾病	K00-K14 口腔、涎腺和颌疾病	K07	牙面畸形[包括错𬌗]	K07.1	颌-颅底关系异常	K07.103	上颌后缩	K07	K07.1	FALSE		diagnosis	Anomalies of jaw-cranial base relationship	Dentofacial anomalies [including malocclusion]	Anomalies of jaw-cranial base relationship	MEDIUM	K07.1	Anomalies of jaw-cranial base relationship	Anomalies of jaw-cranial base relationship	Maxillary retrusion	CLINICAL_STANDARD	DENTAL_TERMINOLOGY
11 K00-K93 消化系统疾病	K00-K14 口腔、涎腺和颌疾病	K07	牙面畸形[包括错𬌗]	K07.1	颌-颅底关系异常	K07.104	上颌前突	K07	K07.1	FALSE		diagnosis	Anomalies of jaw-cranial base relationship	Dentofacial anomalies [including malocclusion]	Anomalies of jaw-cranial base relationship	MEDIUM	K07.1	Anomalies of jaw-cranial base relationship	Anomalies of jaw-cranial base relationship	Maxillary protrusion	CLINICAL_STANDARD	DENTAL_TERMINOLOGY
11 K00-K93 消化系统疾病	K00-K14 口腔、涎腺和颌疾病	K07	牙面畸形[包括错𬌗]	K07.1	颌-颅底关系异常	K07.105	上下颌前突畸形	K07	K07.1	FALSE		diagnosis	Anomalies of jaw-cranial base relationship	Dentofacial anomalies [including malocclusion]	Anomalies of jaw-cranial base relationship	MEDIUM	K07.1	Anomalies of jaw-cranial base relationship	Anomalies of jaw-cranial base relationship	Bimaxillary protrusion	CLINICAL_STANDARD	DENTAL_TERMINOLOGY
11 K00-K93 消化系统疾病	K00-K14 口腔、涎腺和颌疾病	K07	牙面畸形[包括错𬌗]	K07.1	颌-颅底关系异常	K07.106	下颌后缩	K07	K07.1	FALSE		diagnosis	Anomalies of jaw-cranial base relationship	Dentofacial anomalies [including malocclusion]	Anomalies of jaw-cranial base relationship	MEDIUM	K07.1	Anomalies of jaw-cranial base relationship	Anomalies of jaw-cranial base relationship	Mandibular retrusion	CLINICAL_STANDARD	DENTAL_TERMINOLOGY
11 K00-K93 消化系统疾病	K00-K14 口腔、涎腺和颌疾病	K07	牙面畸形[包括错𬌗]	K07.1	颌-颅底关系异常	K07.107	下颌偏斜	K07	K07.1	FALSE		diagnosis	Anomalies of jaw-cranial base relationship	Dentofacial anomalies [including malocclusion]	Anomalies of jaw-cranial base relationship	MEDIUM	K07.1	Anomalies of jaw-cranial base relationship	Anomalies of jaw-cranial base relationship	Mandibular deviation	CLINICAL_STANDARD	DENTAL_TERMINOLOGY
11 K00-K93 消化系统疾病	K00-K14 口腔、涎腺和颌疾病	K07	牙面畸形[包括错𬌗]	K07.1	颌-颅底关系异常	K07.108	下颌前突	K07	K07.1	FALSE		diagnosis	Anomalies of jaw-cranial base relationship	Dentofacial anomalies [including malocclusion]	Anomalies of jaw-cranial base relationship	MEDIUM	K07.1	Anomalies of jaw-cranial base relationship	Anomalies of jaw-cranial base relationship	Mandibular protrusion	CLINICAL_STANDARD	DENTAL_TERMINOLOGY
11 K00-K93 消化系统疾病	K00-K14 口腔、涎腺和颌疾病	K07	牙面畸形[包括错𬌗]	K07.1	颌-颅底关系异常	K07.109	颌后缩	K07	K07.1	FALSE		diagnosis	Anomalies of jaw-cranial base relationship	Dentofacial anomalies [including malocclusion]	Anomalies of jaw-cranial base relationship	MEDIUM	K07.1	Anomalies of jaw-cranial base relationship	Anomalies of jaw-cranial base relationship	Jaw retrusion	CLINICAL_STANDARD	DENTAL_TERMINOLOGY
11 K00-K93 消化系统疾病	K00-K14 口腔、涎腺和颌疾病	K07	牙面畸形[包括错𬌗]	K07.1	颌-颅底关系异常	K07.110	颌骨不对称	K07	K07.1	FALSE		diagnosis	Anomalies of jaw-cranial base relationship	Dentofacial anomalies [including malocclusion]	Anomalies of jaw-cranial base relationship	MEDIUM	K07.1	Anomalies of jaw-cranial base relationship	Anomalies of jaw-cranial base relationship	Jaw asymmetry	CLINICAL_STANDARD	DENTAL_TERMINOLOGY
11 K00-K93 消化系统疾病	K00-K14 口腔、涎腺和颌疾病	K07	牙面畸形[包括错𬌗]	K07.2	牙弓关系异常	K07.200	牙弓关系异常	K07	K07.2	FALSE		diagnosis	Anomalies of dental arch relationship	Dentofacial anomalies [including malocclusion]	Anomalies of dental arch relationship	HIGH	K07.2	Anomalies of dental arch relationship	Anomalies of dental arch relationship	Anomalies of dental arch relationship	WHO_EXACT	WHO_ICD10
11 K00-K93 消化系统疾病	K00-K14 口腔、涎腺和颌疾病	K07	牙面畸形[包括错𬌗]	K07.2	牙弓关系异常	K07.200x001	后牙开𬌗	K07	K07.200	TRUE	001	subtype	Anomalies of dental arch relationship	Dentofacial anomalies [including malocclusion]	Anomalies of dental arch relationship	LOW	K07.2	Anomalies of dental arch relationship	Anomalies of dental arch relationship	Posterior open bite	LOCAL_SUBTYPE_TRANSLATION	DENTAL_TERMINOLOGY
11 K00-K93 消化系统疾病	K00-K14 口腔、涎腺和颌疾病	K07	牙面畸形[包括错𬌗]	K07.2	牙弓关系异常	K07.200x002	后牙锁合	K07	K07.200	TRUE	002	subtype	Anomalies of dental arch relationship	Dentofacial anomalies [including malocclusion]	Anomalies of dental arch relationship	LOW	K07.2	Anomalies of dental arch relationship	Anomalies of dental arch relationship	Posterior scissor bite	LOCAL_SUBTYPE_TRANSLATION	DENTAL_TERMINOLOGY
11 K00-K93 消化系统疾病	K00-K14 口腔、涎腺和颌疾病	K07	牙面畸形[包括错𬌗]	K07.2	牙弓关系异常	K07.200x003	前牙反𬌗	K07	K07.200	TRUE	003	subtype	Anomalies of dental arch relationship	Dentofacial anomalies [including malocclusion]	Anomalies of dental arch relationship	LOW	K07.2	Anomalies of dental arch relationship	Anomalies of dental arch relationship	Anterior crossbite	LOCAL_SUBTYPE_TRANSLATION	DENTAL_TERMINOLOGY
11 K00-K93 消化系统疾病	K00-K14 口腔、涎腺和颌疾病	K07	牙面畸形[包括错𬌗]	K07.2	牙弓关系异常	K07.200x005	深覆𬌗	K07	K07.200	TRUE	005	subtype	Anomalies of dental arch relationship	Dentofacial anomalies [including malocclusion]	Anomalies of dental arch relationship	LOW	K07.2	Anomalies of dental arch relationship	Anomalies of dental arch relationship	Deep overbite	LOCAL_SUBTYPE_TRANSLATION	DENTAL_TERMINOLOGY
11 K00-K93 消化系统疾病	K00-K14 口腔、涎腺和颌疾病	K07	牙面畸形[包括错𬌗]	K07.2	牙弓关系异常	K07.200x011	错𬌗畸形安氏I类	K07	K07.200	TRUE	011	subtype	Anomalies of dental arch relationship	Dentofacial anomalies [including malocclusion]	Anomalies of dental arch relationship	LOW	K07.2	Anomalies of dental arch relationship	Anomalies of dental arch relationship	Angle Class I malocclusion	LOCAL_SUBTYPE_TRANSLATION	DENTAL_TERMINOLOGY
11 K00-K93 消化系统疾病	K00-K14 口腔、涎腺和颌疾病	K07	牙面畸形[包括错𬌗]	K07.2	牙弓关系异常	K07.200x012	错𬌗畸形安氏Ⅱ类	K07	K07.200	TRUE	012	subtype	Anomalies of dental arch relationship	Dentofacial anomalies [including malocclusion]	Anomalies of dental arch relationship	LOW	K07.2	Anomalies of dental arch relationship	Anomalies of dental arch relationship	Angle Class II malocclusion	LOCAL_SUBTYPE_TRANSLATION	DENTAL_TERMINOLOGY
11 K00-K93 消化系统疾病	K00-K14 口腔、涎腺和颌疾病	K07	牙面畸形[包括错𬌗]	K07.2	牙弓关系异常	K07.200x013	错𬌗畸形安氏Ⅲ类	K07	K07.200	TRUE	013	subtype	Anomalies of dental arch relationship	Dentofacial anomalies [including malocclusion]	Anomalies of dental arch relationship	LOW	K07.2	Anomalies of dental arch relationship	Anomalies of dental arch relationship	Angle Class III malocclusion	LOCAL_SUBTYPE_TRANSLATION	DENTAL_TERMINOLOGY
11 K00-K93 消化系统疾病	K00-K14 口腔、涎腺和颌疾病	K07	牙面畸形[包括错𬌗]	K07.2	牙弓关系异常	K07.200x014	深覆盖	K07	K07.200	TRUE	014	subtype	Anomalies of dental arch relationship	Dentofacial anomalies [including malocclusion]	Anomalies of dental arch relationship	LOW	K07.2	Anomalies of dental arch relationship	Anomalies of dental arch relationship	Increased overjet	LOCAL_SUBTYPE_TRANSLATION	DENTAL_TERMINOLOGY
11 K00-K93 消化系统疾病	K00-K14 口腔、涎腺和颌疾病	K07	牙面畸形[包括错𬌗]	K07.2	牙弓关系异常	K07.201	覆咬合	K07	K07.2	FALSE		diagnosis	Anomalies of dental arch relationship	Dentofacial anomalies [including malocclusion]	Anomalies of dental arch relationship	MEDIUM	K07.2	Anomalies of dental arch relationship	Anomalies of dental arch relationship	Overbite	CLINICAL_STANDARD	DENTAL_TERMINOLOGY
11 K00-K93 消化系统疾病	K00-K14 口腔、涎腺和颌疾病	K07	牙面畸形[包括错𬌗]	K07.2	牙弓关系异常	K07.202	前牙开𬌗	K07	K07.2	FALSE		diagnosis	Anomalies of dental arch relationship	Dentofacial anomalies [including malocclusion]	Anomalies of dental arch relationship	MEDIUM	K07.2	Anomalies of dental arch relationship	Anomalies of dental arch relationship	Anterior open bite	CLINICAL_STANDARD	DENTAL_TERMINOLOGY
11 K00-K93 消化系统疾病	K00-K14 口腔、涎腺和颌疾病	K07	牙面畸形[包括错𬌗]	K07.2	牙弓关系异常	K07.203	牙弓中线偏离	K07	K07.2	FALSE		diagnosis	Anomalies of dental arch relationship	Dentofacial anomalies [including malocclusion]	Anomalies of dental arch relationship	MEDIUM	K07.2	Anomalies of dental arch relationship	Anomalies of dental arch relationship	Dental midline deviation	CLINICAL_STANDARD	DENTAL_TERMINOLOGY
11 K00-K93 消化系统疾病	K00-K14 口腔、涎腺和颌疾病	K07	牙面畸形[包括错𬌗]	K07.2	牙弓关系异常	K07.204	咬合异常	K07	K07.2	FALSE		diagnosis	Anomalies of dental arch relationship	Dentofacial anomalies [including malocclusion]	Anomalies of dental arch relationship	MEDIUM	K07.2	Anomalies of dental arch relationship	Anomalies of dental arch relationship	Occlusal abnormality	CLINICAL_STANDARD	DENTAL_TERMINOLOGY
11 K00-K93 消化系统疾病	K00-K14 口腔、涎腺和颌疾病	K07	牙面畸形[包括错𬌗]	K07.2	牙弓关系异常	K07.205	反𬌗	K07	K07.2	FALSE		diagnosis	Anomalies of dental arch relationship	Dentofacial anomalies [including malocclusion]	Anomalies of dental arch relationship	MEDIUM	K07.2	Anomalies of dental arch relationship	Anomalies of dental arch relationship	Crossbite	CLINICAL_STANDARD	DENTAL_TERMINOLOGY
11 K00-K93 消化系统疾病	K00-K14 口腔、涎腺和颌疾病	K07	牙面畸形[包括错𬌗]	K07.3	牙位置异常	K07.300	牙位置异常	K07	K07.3	FALSE		diagnosis	Anomalies of tooth position	Dentofacial anomalies [including malocclusion]	Anomalies of tooth position	HIGH	K07.3	Anomalies of tooth position	Anomalies of tooth position	Anomalies of tooth position	WHO_EXACT	WHO_ICD10
11 K00-K93 消化系统疾病	K00-K14 口腔、涎腺和颌疾病	K07	牙面畸形[包括错𬌗]	K07.3	牙位置异常	K07.300x003	牙齿位置异常	K07	K07.300	TRUE	003	subtype	Anomalies of tooth position	Dentofacial anomalies [including malocclusion]	Anomalies of tooth position	LOW	K07.3	Anomalies of tooth position	Anomalies of tooth position	Abnormal tooth position	LOCAL_SUBTYPE_TRANSLATION	DENTAL_TERMINOLOGY
11 K00-K93 消化系统疾病	K00-K14 口腔、涎腺和颌疾病	K07	牙面畸形[包括错𬌗]	K07.3	牙位置异常	K07.300x005	牙齿间隙	K07	K07.300	TRUE	005	subtype	Anomalies of tooth position	Dentofacial anomalies [including malocclusion]	Anomalies of tooth position	LOW	K07.3	Anomalies of tooth position	Anomalies of tooth position	Spacing of teeth	LOCAL_SUBTYPE_TRANSLATION	DENTAL_TERMINOLOGY
11 K00-K93 消化系统疾病	K00-K14 口腔、涎腺和颌疾病	K07	牙面畸形[包括错𬌗]	K07.3	牙位置异常	K07.300x006	牙齿扭转	K07	K07.300	TRUE	006	subtype	Anomalies of tooth position	Dentofacial anomalies [including malocclusion]	Anomalies of tooth position	LOW	K07.3	Anomalies of tooth position	Anomalies of tooth position	Tooth rotation	LOCAL_SUBTYPE_TRANSLATION	DENTAL_TERMINOLOGY
11 K00-K93 消化系统疾病	K00-K14 口腔、涎腺和颌疾病	K07	牙面畸形[包括错𬌗]	K07.3	牙位置异常	K07.300x007	牙齿移位	K07	K07.300	TRUE	007	subtype	Anomalies of tooth position	Dentofacial anomalies [including malocclusion]	Anomalies of tooth position	LOW	K07.3	Anomalies of tooth position	Anomalies of tooth position	Tooth displacement	LOCAL_SUBTYPE_TRANSLATION	DENTAL_TERMINOLOGY
11 K00-K93 消化系统疾病	K00-K14 口腔、涎腺和颌疾病	K07	牙面畸形[包括错𬌗]	K07.3	牙位置异常	K07.300x008	第一恒磨牙异位萌出	K07	K07.300	TRUE	008	subtype	Anomalies of tooth position	Dentofacial anomalies [including malocclusion]	Anomalies of tooth position	LOW	K07.3	Anomalies of tooth position	Anomalies of tooth position	Ectopic eruption of first permanent molar	LOCAL_SUBTYPE_TRANSLATION	DENTAL_TERMINOLOGY
11 K00-K93 消化系统疾病	K00-K14 口腔、涎腺和颌疾病	K07	牙面畸形[包括错𬌗]	K07.3	牙位置异常	K07.300x009	牙的病理性移位	K07	K07.300	TRUE	009	subtype	Anomalies of tooth position	Dentofacial anomalies [including malocclusion]	Anomalies of tooth position	LOW	K07.3	Anomalies of tooth position	Anomalies of tooth position	Pathologic tooth migration	LOCAL_SUBTYPE_TRANSLATION	DENTAL_TERMINOLOGY
11 K00-K93 消化系统疾病	K00-K14 口腔、涎腺和颌疾病	K07	牙面畸形[包括错𬌗]	K07.3	牙位置异常	K07.301	牙错位	K07	K07.3	FALSE		diagnosis	Anomalies of tooth position	Dentofacial anomalies [including malocclusion]	Anomalies of tooth position	MEDIUM	K07.3	Anomalies of tooth position	Anomalies of tooth position	Malposition of tooth	CLINICAL_STANDARD	DENTAL_TERMINOLOGY
11 K00-K93 消化系统疾病	K00-K14 口腔、涎腺和颌疾病	K07	牙面畸形[包括错𬌗]	K07.3	牙位置异常	K07.302	牙列不齐	K07	K07.3	FALSE		diagnosis	Anomalies of tooth position	Dentofacial anomalies [including malocclusion]	Anomalies of tooth position	MEDIUM	K07.3	Anomalies of tooth position	Anomalies of tooth position	Irregular dentition	CLINICAL_STANDARD	DENTAL_TERMINOLOGY
11 K00-K93 消化系统疾病	K00-K14 口腔、涎腺和颌疾病	K07	牙面畸形[包括错𬌗]	K07.3	牙位置异常	K07.303	牙体缺损	K07	K07.3	FALSE		diagnosis	Anomalies of tooth position	Dentofacial anomalies [including malocclusion]	Anomalies of tooth position	MEDIUM	K07.3	Anomalies of tooth position	Anomalies of tooth position	Tooth defect	CLINICAL_STANDARD	DENTAL_TERMINOLOGY
11 K00-K93 消化系统疾病	K00-K14 口腔、涎腺和颌疾病	K07	牙面畸形[包括错𬌗]	K07.3	牙位置异常	K07.304	牙拥挤	K07	K07.3	FALSE		diagnosis	Anomalies of tooth position	Dentofacial anomalies [including malocclusion]	Anomalies of tooth position	MEDIUM	K07.3	Anomalies of tooth position	Anomalies of tooth position	Dental crowding	CLINICAL_STANDARD	DENTAL_TERMINOLOGY
11 K00-K93 消化系统疾病	K00-K14 口腔、涎腺和颌疾病	K07	牙面畸形[包括错𬌗]	K07.3	牙位置异常	K07.305	异位牙	K07	K07.3	FALSE		diagnosis	Anomalies of tooth position	Dentofacial anomalies [including malocclusion]	Anomalies of tooth position	MEDIUM	K07.3	Anomalies of tooth position	Anomalies of tooth position	Ectopic tooth	CLINICAL_STANDARD	DENTAL_TERMINOLOGY
11 K00-K93 消化系统疾病	K00-K14 口腔、涎腺和颌疾病	K07	牙面畸形[包括错𬌗]	K07.4	未特指的错𬌗	K07.400	错𬌗畸形	K07	K07.4	FALSE		diagnosis	Malocclusion, unspecified	Dentofacial anomalies [including malocclusion]	Malocclusion, unspecified	HIGH	K07.4	Malocclusion, unspecified	Malocclusion, unspecified	Malocclusion, unspecified	WHO_EXACT	WHO_ICD10
11 K00-K93 消化系统疾病	K00-K14 口腔、涎腺和颌疾病	K07	牙面畸形[包括错𬌗]	K07.4	未特指的错𬌗	K07.400x001	错𬌗畸形	K07	K07.400	TRUE	001	subtype	Malocclusion, unspecified	Dentofacial anomalies [including malocclusion]	Malocclusion, unspecified	LOW	K07.4	Malocclusion, unspecified	Malocclusion, unspecified	Malocclusion	LOCAL_SUBTYPE_TRANSLATION	DENTAL_TERMINOLOGY
11 K00-K93 消化系统疾病	K00-K14 口腔、涎腺和颌疾病	K07	牙面畸形[包括错𬌗]	K07.5	牙面功能异常	K07.500	牙面功能异常	K07	K07.5	FALSE		diagnosis	Dentofacial functional abnormalities	Dentofacial anomalies [including malocclusion]	Dentofacial functional abnormalities	HIGH	K07.5	Dentofacial functional abnormalities	Dentofacial functional abnormalities	Dentofacial functional abnormalities	WHO_EXACT	WHO_ICD10
11 K00-K93 消化系统疾病	K00-K14 口腔、涎腺和颌疾病	K07	牙面畸形[包括错𬌗]	K07.5	牙面功能异常	K07.500x002	颌骨闭合异常	K07	K07.500	TRUE	002	subtype	Dentofacial functional abnormalities	Dentofacial anomalies [including malocclusion]	Dentofacial functional abnormalities	LOW	K07.5	Dentofacial functional abnormalities	Dentofacial functional abnormalities	Abnormal jaw closure	LOCAL_SUBTYPE_TRANSLATION	DENTAL_TERMINOLOGY
11 K00-K93 消化系统疾病	K00-K14 口腔、涎腺和颌疾病	K07	牙面畸形[包括错𬌗]	K07.6	颞下颌关节疾患	K07.600	颞下颌关节疾患	K07	K07.6	FALSE		diagnosis	Temporomandibular joint disorders	Dentofacial anomalies [including malocclusion]	Temporomandibular joint disorders	HIGH	K07.6	Temporomandibular joint disorders	Temporomandibular joint disorders	Temporomandibular joint disorders	WHO_EXACT	WHO_ICD10
11 K00-K93 消化系统疾病	K00-K14 口腔、涎腺和颌疾病	K07	牙面畸形[包括错𬌗]	K07.6	颞下颌关节疾患	K07.600x001	颞下颌关节紊乱病	K07	K07.600	TRUE	001	subtype	Temporomandibular joint disorders	Dentofacial anomalies [including malocclusion]	Temporomandibular joint disorders	LOW	K07.6	Temporomandibular joint disorders	Temporomandibular joint disorders	Temporomandibular joint disorder	LOCAL_SUBTYPE_TRANSLATION	DENTAL_TERMINOLOGY
11 K00-K93 消化系统疾病	K00-K14 口腔、涎腺和颌疾病	K07	牙面畸形[包括错𬌗]	K07.6	颞下颌关节疾患	K07.600x003	颞下颌关节强直	K07	K07.600	TRUE	003	subtype	Temporomandibular joint disorders	Dentofacial anomalies [including malocclusion]	Temporomandibular joint disorders	LOW	K07.6	Temporomandibular joint disorders	Temporomandibular joint disorders	Temporomandibular joint ankylosis	LOCAL_SUBTYPE_TRANSLATION	DENTAL_TERMINOLOGY
11 K00-K93 消化系统疾病	K00-K14 口腔、涎腺和颌疾病	K07	牙面畸形[包括错𬌗]	K07.6	颞下颌关节疾患	K07.601	陈旧性颞下颌关节脱位	K07	K07.6	FALSE		diagnosis	Temporomandibular joint disorders	Dentofacial anomalies [including malocclusion]	Temporomandibular joint disorders	MEDIUM	K07.6	Temporomandibular joint disorders	Temporomandibular joint disorders	Old temporomandibular joint dislocation	CLINICAL_STANDARD	DENTAL_TERMINOLOGY
11 K00-K93 消化系统疾病	K00-K14 口腔、涎腺和颌疾病	K07	牙面畸形[包括错𬌗]	K07.6	颞下颌关节疾患	K07.602	颞颌关节综合征	K07	K07.6	FALSE		diagnosis	Temporomandibular joint disorders	Dentofacial anomalies [including malocclusion]	Temporomandibular joint disorders	MEDIUM	K07.6	Temporomandibular joint disorders	Temporomandibular joint disorders	Temporomandibular joint syndrome	CLINICAL_STANDARD	DENTAL_TERMINOLOGY
11 K00-K93 消化系统疾病	K00-K14 口腔、涎腺和颌疾病	K07	牙面畸形[包括错𬌗]	K07.6	颞下颌关节疾患	K07.603	颞颌关节骨关节病	K07	K07.6	FALSE		diagnosis	Temporomandibular joint disorders	Dentofacial anomalies [including malocclusion]	Temporomandibular joint disorders	MEDIUM	K07.6	Temporomandibular joint disorders	Temporomandibular joint disorders	Temporomandibular joint osteoarthrosis	CLINICAL_STANDARD	DENTAL_TERMINOLOGY
11 K00-K93 消化系统疾病	K00-K14 口腔、涎腺和颌疾病	K07	牙面畸形[包括错𬌗]	K07.6	颞下颌关节疾患	K07.604	颞颌关节炎	K07	K07.6	FALSE		diagnosis	Temporomandibular joint disorders	Dentofacial anomalies [including malocclusion]	Temporomandibular joint disorders	MEDIUM	K07.6	Temporomandibular joint disorders	Temporomandibular joint disorders	Temporomandibular joint arthritis	CLINICAL_STANDARD	DENTAL_TERMINOLOGY
11 K00-K93 消化系统疾病	K00-K14 口腔、涎腺和颌疾病	K07	牙面畸形[包括错𬌗]	K07.8	其他的牙面畸形	K07.800	牙面畸形，其他的	K07	K07.8	FALSE		diagnosis	Other dentofacial anomalies	Dentofacial anomalies [including malocclusion]	Other dentofacial anomalies	HIGH	K07.8	Other dentofacial anomalies	Other dentofacial anomalies	Other dentofacial anomalies	WHO_EXACT	WHO_ICD10
11 K00-K93 消化系统疾病	K00-K14 口腔、涎腺和颌疾病	K07	牙面畸形[包括错𬌗]	K07.8	其他的牙面畸形	K07.800x001	颜面部缺损	K07	K07.800	TRUE	001	subtype	Other dentofacial anomalies	Dentofacial anomalies [including malocclusion]	Other dentofacial anomalies	LOW	K07.8	Other dentofacial anomalies	Other dentofacial anomalies	Facial defect	LOCAL_SUBTYPE_TRANSLATION	DENTAL_TERMINOLOGY
11 K00-K93 消化系统疾病	K00-K14 口腔、涎腺和颌疾病	K07	牙面畸形[包括错𬌗]	K07.9	未特指的牙面畸形	K07.900	牙面畸形	K07	K07.9	FALSE		diagnosis	Dentofacial anomaly, unspecified	Dentofacial anomalies [including malocclusion]	Dentofacial anomaly, unspecified	HIGH	K07.9	Dentofacial anomaly, unspecified	Dentofacial anomaly, unspecified	Dentofacial anomaly, unspecified	WHO_EXACT	WHO_ICD10
11 K00-K93 消化系统疾病	K00-K14 口腔、涎腺和颌疾病	K07	牙面畸形[包括错𬌗]	K07.9	未特指的牙面畸形	K07.901	下颌畸形	K07	K07.9	FALSE		diagnosis	Dentofacial anomaly, unspecified	Dentofacial anomalies [including malocclusion]	Dentofacial anomaly, unspecified	MEDIUM	K07.9	Dentofacial anomaly, unspecified	Dentofacial anomaly, unspecified	Mandibular deformity	CLINICAL_STANDARD	DENTAL_TERMINOLOGY
11 K00-K93 消化系统疾病	K00-K14 口腔、涎腺和颌疾病	K07	牙面畸形[包括错𬌗]	K07.9	未特指的牙面畸形	K07.902	颌骨畸形	K07	K07.9	FALSE		diagnosis	Dentofacial anomaly, unspecified	Dentofacial anomalies [including malocclusion]	Dentofacial anomaly, unspecified	MEDIUM	K07.9	Dentofacial anomaly, unspecified	Dentofacial anomaly, unspecified	Jaw deformity	CLINICAL_STANDARD	DENTAL_TERMINOLOGY
11 K00-K93 消化系统疾病	K00-K14 口腔、涎腺和颌疾病	K07	牙面畸形[包括错𬌗]	K07.9	未特指的牙面畸形	K07.903	颌骨先天畸形	K07	K07.9	FALSE		diagnosis	Dentofacial anomaly, unspecified	Dentofacial anomalies [including malocclusion]	Dentofacial anomaly, unspecified	MEDIUM	K07.9	Dentofacial anomaly, unspecified	Dentofacial anomaly, unspecified	Congenital deformity of jaw	CLINICAL_STANDARD	DENTAL_TERMINOLOGY
11 K00-K93 消化系统疾病	K00-K14 口腔、涎腺和颌疾病	K08	牙齿及支持结构的其他疾患	K08.0	全身性疾病引起的牙脱落	K08.000	全身性疾病引起的牙脱落	K08	K08.0	FALSE		diagnosis	Exfoliation of teeth due to systemic causes	Other disorders of teeth and supporting structures	Exfoliation of teeth due to systemic causes	HIGH	K08.0	Exfoliation of teeth due to systemic causes	Exfoliation of teeth due to systemic causes	Exfoliation of teeth due to systemic causes	WHO_EXACT	WHO_ICD10
11 K00-K93 消化系统疾病	K00-K14 口腔、涎腺和颌疾病	K08	牙齿及支持结构的其他疾患	K08.1	意外事故、拔除或局部牙周病引起的牙缺失	K08.100	意外事故、拔除或局部牙周病引起的牙缺失	K08	K08.1	FALSE		diagnosis	Loss of teeth due to accident, extraction or local periodontal disease	Other disorders of teeth and supporting structures	Loss of teeth due to accident, extraction or local periodontal disease	HIGH	K08.1	Loss of teeth due to accident, extraction or local periodontal disease	Loss of teeth due to accident, extraction or local periodontal disease	Loss of teeth due to accident, extraction or local periodontal disease	WHO_EXACT	WHO_ICD10
11 K00-K93 消化系统疾病	K00-K14 口腔、涎腺和颌疾病	K08	牙齿及支持结构的其他疾患	K08.1	意外事故、拔除或局部牙周病引起的牙缺失	K08.101	单颌牙列缺失	K08	K08.1	FALSE		diagnosis	Loss of teeth due to accident, extraction or local periodontal disease	Other disorders of teeth and supporting structures	Loss of teeth due to accident, extraction or local periodontal disease	MEDIUM	K08.1	Loss of teeth due to accident, extraction or local periodontal disease	Loss of teeth due to accident, extraction or local periodontal disease	Edentulism of one jaw	CLINICAL_STANDARD	DENTAL_TERMINOLOGY
11 K00-K93 消化系统疾病	K00-K14 口腔、涎腺和颌疾病	K08	牙齿及支持结构的其他疾患	K08.1	意外事故、拔除或局部牙周病引起的牙缺失	K08.102	外伤性牙齿缺失	K08	K08.1	FALSE		diagnosis	Loss of teeth due to accident, extraction or local periodontal disease	Other disorders of teeth and supporting structures	Loss of teeth due to accident, extraction or local periodontal disease	MEDIUM	K08.1	Loss of teeth due to accident, extraction or local periodontal disease	Loss of teeth due to accident, extraction or local periodontal disease	Traumatic tooth loss	CLINICAL_STANDARD	DENTAL_TERMINOLOGY
11 K00-K93 消化系统疾病	K00-K14 口腔、涎腺和颌疾病	K08	牙齿及支持结构的其他疾患	K08.1	意外事故、拔除或局部牙周病引起的牙缺失	K08.103	后天性牙齿缺失	K08	K08.1	FALSE		diagnosis	Loss of teeth due to accident, extraction or local periodontal disease	Other disorders of teeth and supporting structures	Loss of teeth due to accident, extraction or local periodontal disease	MEDIUM	K08.1	Loss of teeth due to accident, extraction or local periodontal disease	Loss of teeth due to accident, extraction or local periodontal disease	Acquired tooth loss	CLINICAL_STANDARD	DENTAL_TERMINOLOGY
11 K00-K93 消化系统疾病	K00-K14 口腔、涎腺和颌疾病	K08	牙齿及支持结构的其他疾患	K08.1	意外事故、拔除或局部牙周病引起的牙缺失	K08.104	牙列部分缺失	K08	K08.1	FALSE		diagnosis	Loss of teeth due to accident, extraction or local periodontal disease	Other disorders of teeth and supporting structures	Loss of teeth due to accident, extraction or local periodontal disease	MEDIUM	K08.1	Loss of teeth due to accident, extraction or local periodontal disease	Loss of teeth due to accident, extraction or local periodontal disease	Partial edentulism	CLINICAL_STANDARD	DENTAL_TERMINOLOGY
11 K00-K93 消化系统疾病	K00-K14 口腔、涎腺和颌疾病	K08	牙齿及支持结构的其他疾患	K08.2	无牙牙槽嵴萎缩	K08.200	无牙牙槽嵴萎缩	K08	K08.2	FALSE		diagnosis	Atrophy of edentulous alveolar ridge	Other disorders of teeth and supporting structures	Atrophy of edentulous alveolar ridge	HIGH	K08.2	Atrophy of edentulous alveolar ridge	Atrophy of edentulous alveolar ridge	Atrophy of edentulous alveolar ridge	WHO_EXACT	WHO_ICD10
11 K00-K93 消化系统疾病	K00-K14 口腔、涎腺和颌疾病	K08	牙齿及支持结构的其他疾患	K08.2	无牙牙槽嵴萎缩	K08.201	无牙牙槽突萎缩	K08	K08.2	FALSE		diagnosis	Atrophy of edentulous alveolar ridge	Other disorders of teeth and supporting structures	Atrophy of edentulous alveolar ridge	MEDIUM	K08.2	Atrophy of edentulous alveolar ridge	Atrophy of edentulous alveolar ridge	Atrophy of edentulous alveolar process	CLINICAL_STANDARD	DENTAL_TERMINOLOGY
11 K00-K93 消化系统疾病	K00-K14 口腔、涎腺和颌疾病	K08	牙齿及支持结构的其他疾患	K08.2	无牙牙槽嵴萎缩	K08.202	牙槽骨萎缩	K08	K08.2	FALSE		diagnosis	Atrophy of edentulous alveolar ridge	Other disorders of teeth and supporting structures	Atrophy of edentulous alveolar ridge	MEDIUM	K08.2	Atrophy of edentulous alveolar ridge	Atrophy of edentulous alveolar ridge	Alveolar bone atrophy	CLINICAL_STANDARD	DENTAL_TERMINOLOGY
11 K00-K93 消化系统疾病	K00-K14 口腔、涎腺和颌疾病	K08	牙齿及支持结构的其他疾患	K08.2	无牙牙槽嵴萎缩	K08.203	牙槽嵴萎缩	K08	K08.2	FALSE		diagnosis	Atrophy of edentulous alveolar ridge	Other disorders of teeth and supporting structures	Atrophy of edentulous alveolar ridge	MEDIUM	K08.2	Atrophy of edentulous alveolar ridge	Atrophy of edentulous alveolar ridge	Alveolar ridge atrophy	CLINICAL_STANDARD	DENTAL_TERMINOLOGY
11 K00-K93 消化系统疾病	K00-K14 口腔、涎腺和颌疾病	K08	牙齿及支持结构的其他疾患	K08.2	无牙牙槽嵴萎缩	K08.204	牙槽突萎缩	K08	K08.2	FALSE		diagnosis	Atrophy of edentulous alveolar ridge	Other disorders of teeth and supporting structures	Atrophy of edentulous alveolar ridge	MEDIUM	K08.2	Atrophy of edentulous alveolar ridge	Atrophy of edentulous alveolar ridge	Alveolar process atrophy	CLINICAL_STANDARD	DENTAL_TERMINOLOGY
11 K00-K93 消化系统疾病	K00-K14 口腔、涎腺和颌疾病	K08	牙齿及支持结构的其他疾患	K08.3	牙根滞留	K08.300	牙根滞留	K08	K08.3	FALSE		diagnosis	Retained dental root	Other disorders of teeth and supporting structures	Retained dental root	HIGH	K08.3	Retained dental root	Retained dental root	Retained dental root	WHO_EXACT	WHO_ICD10
11 K00-K93 消化系统疾病	K00-K14 口腔、涎腺和颌疾病	K08	牙齿及支持结构的其他疾患	K08.3	牙根滞留	K08.300x002	残留牙根	K08	K08.300	TRUE	002	subtype	Retained dental root	Other disorders of teeth and supporting structures	Retained dental root	LOW	K08.3	Retained dental root	Retained dental root	Retained dental root	LOCAL_SUBTYPE_TRANSLATION	DENTAL_TERMINOLOGY
11 K00-K93 消化系统疾病	K00-K14 口腔、涎腺和颌疾病	K08	牙齿及支持结构的其他疾患	K08.3	牙根滞留	K08.302	残冠	K08	K08.3	FALSE		diagnosis	Retained dental root	Other disorders of teeth and supporting structures	Retained dental root	MEDIUM	K08.3	Retained dental root	Retained dental root	Residual crown	CLINICAL_STANDARD	DENTAL_TERMINOLOGY
11 K00-K93 消化系统疾病	K00-K14 口腔、涎腺和颌疾病	K08	牙齿及支持结构的其他疾患	K08.8	其他特指的牙及支持结构疾患	K08.800	牙及支持结构疾患，其他特指的	K08	K08.8	FALSE		diagnosis	Other specified disorders of teeth and supporting structures	Other disorders of teeth and supporting structures	Other specified disorders of teeth and supporting structures	HIGH	K08.8	Other specified disorders of teeth and supporting structures	Other specified disorders of teeth and supporting structures	Other specified disorders of teeth and supporting structures	WHO_EXACT	WHO_ICD10
11 K00-K93 消化系统疾病	K00-K14 口腔、涎腺和颌疾病	K08	牙齿及支持结构的其他疾患	K08.8	其他特指的牙及支持结构疾患	K08.801	牙痛	K08	K08.8	FALSE		diagnosis	Other specified disorders of teeth and supporting structures	Other disorders of teeth and supporting structures	Other specified disorders of teeth and supporting structures	MEDIUM	K08.8	Other specified disorders of teeth and supporting structures	Other specified disorders of teeth and supporting structures	Toothache	CLINICAL_STANDARD	DENTAL_TERMINOLOGY
11 K00-K93 消化系统疾病	K00-K14 口腔、涎腺和颌疾病	K08	牙齿及支持结构的其他疾患	K08.8	其他特指的牙及支持结构疾患	K08.802	牙槽嵴裂	K08	K08.8	FALSE		diagnosis	Other specified disorders of teeth and supporting structures	Other disorders of teeth and supporting structures	Other specified disorders of teeth and supporting structures	MEDIUM	K08.8	Other specified disorders of teeth and supporting structures	Other specified disorders of teeth and supporting structures	Alveolar cleft	CLINICAL_STANDARD	DENTAL_TERMINOLOGY
11 K00-K93 消化系统疾病	K00-K14 口腔、涎腺和颌疾病	K08	牙齿及支持结构的其他疾患	K08.8	其他特指的牙及支持结构疾患	K08.803	牙槽突不齐	K08	K08.8	FALSE		diagnosis	Other specified disorders of teeth and supporting structures	Other disorders of teeth and supporting structures	Other specified disorders of teeth and supporting structures	MEDIUM	K08.8	Other specified disorders of teeth and supporting structures	Other specified disorders of teeth and supporting structures	Irregular alveolar process	CLINICAL_STANDARD	DENTAL_TERMINOLOGY
11 K00-K93 消化系统疾病	K00-K14 口腔、涎腺和颌疾病	K08	牙齿及支持结构的其他疾患	K08.8	其他特指的牙及支持结构疾患	K08.804	牙槽嵴黏膜角化过度	K08	K08.8	FALSE		diagnosis	Other specified disorders of teeth and supporting structures	Other disorders of teeth and supporting structures	Other specified disorders of teeth and supporting structures	MEDIUM	K08.8	Other specified disorders of teeth and supporting structures	Other specified disorders of teeth and supporting structures	Hyperkeratosis of alveolar ridge mucosa	CLINICAL_STANDARD	DENTAL_TERMINOLOGY
11 K00-K93 消化系统疾病	K00-K14 口腔、涎腺和颌疾病	K08	牙齿及支持结构的其他疾患	K08.8	其他特指的牙及支持结构疾患	K08.805	牙槽突裂	K08	K08.8	FALSE		diagnosis	Other specified disorders of teeth and supporting structures	Other disorders of teeth and supporting structures	Other specified disorders of teeth and supporting structures	MEDIUM	K08.8	Other specified disorders of teeth and supporting structures	Other specified disorders of teeth and supporting structures	Other specified disorders of teeth and supporting structures	WHO_PARENT_INHERITED	WHO_ICD10
11 K00-K93 消化系统疾病	K00-K14 口腔、涎腺和颌疾病	K08	牙齿及支持结构的其他疾患	K08.8	其他特指的牙及支持结构疾患	K08.806	牙槽出血	K08	K08.8	FALSE		diagnosis	Other specified disorders of teeth and supporting structures	Other disorders of teeth and supporting structures	Other specified disorders of teeth and supporting structures	MEDIUM	K08.8	Other specified disorders of teeth and supporting structures	Other specified disorders of teeth and supporting structures	Alveolar hemorrhage	CLINICAL_STANDARD	DENTAL_TERMINOLOGY
11 K00-K93 消化系统疾病	K00-K14 口腔、涎腺和颌疾病	K08	牙齿及支持结构的其他疾患	K08.8	其他特指的牙及支持结构疾患	K08.807	牙槽隐性裂	K08	K08.8	FALSE		diagnosis	Other specified disorders of teeth and supporting structures	Other disorders of teeth and supporting structures	Other specified disorders of teeth and supporting structures	MEDIUM	K08.8	Other specified disorders of teeth and supporting structures	Other specified disorders of teeth and supporting structures	Submucous alveolar cleft	CLINICAL_STANDARD	DENTAL_TERMINOLOGY
11 K00-K93 消化系统疾病	K00-K14 口腔、涎腺和颌疾病	K08	牙齿及支持结构的其他疾患	K08.8	其他特指的牙及支持结构疾患	K08.808	牙槽嵴增大	K08	K08.8	FALSE		diagnosis	Other specified disorders of teeth and supporting structures	Other disorders of teeth and supporting structures	Other specified disorders of teeth and supporting structures	MEDIUM	K08.8	Other specified disorders of teeth and supporting structures	Other specified disorders of teeth and supporting structures	Enlargement of alveolar ridge	CLINICAL_STANDARD	DENTAL_TERMINOLOGY
11 K00-K93 消化系统疾病	K00-K14 口腔、涎腺和颌疾病	K08	牙齿及支持结构的其他疾患	K08.8	其他特指的牙及支持结构疾患	K08.809	牙槽骨缺损	K08	K08.8	FALSE		diagnosis	Other specified disorders of teeth and supporting structures	Other disorders of teeth and supporting structures	Other specified disorders of teeth and supporting structures	MEDIUM	K08.8	Other specified disorders of teeth and supporting structures	Other specified disorders of teeth and supporting structures	Alveolar bone defect	CLINICAL_STANDARD	DENTAL_TERMINOLOGY
11 K00-K93 消化系统疾病	K00-K14 口腔、涎腺和颌疾病	K08	牙齿及支持结构的其他疾患	K08.9	未特指的牙及支持结构疾患	K08.900	牙及支持结构疾患	K08	K08.9	FALSE		diagnosis	Disorder of teeth and supporting structures, unspecified	Other disorders of teeth and supporting structures	Disorder of teeth and supporting structures, unspecified	HIGH	K08.9	Disorder of teeth and supporting structures, unspecified	Disorder of teeth and supporting structures, unspecified	Disorder of teeth and supporting structures, unspecified	WHO_EXACT	WHO_ICD10
11 K00-K93 消化系统疾病	K00-K14 口腔、涎腺和颌疾病	K09	口区囊肿，不可归类在他处者	K09.0	发育性牙源性囊肿	K09.000	发育性牙源性囊肿	K09	K09.0	FALSE		diagnosis	Developmental odontogenic cysts	Cysts of oral region, not elsewhere classified	Developmental odontogenic cysts	HIGH	K09.0	Developmental odontogenic cysts	Developmental odontogenic cysts	Developmental odontogenic cysts	WHO_EXACT	WHO_ICD10
11 K00-K93 消化系统疾病	K00-K14 口腔、涎腺和颌疾病	K09	口区囊肿，不可归类在他处者	K09.0	发育性牙源性囊肿	K09.000x005	颌骨发育性牙源性囊肿	K09	K09.000	TRUE	005	subtype	Developmental odontogenic cysts	Cysts of oral region, not elsewhere classified	Developmental odontogenic cysts	LOW	K09.0	Developmental odontogenic cysts	Developmental odontogenic cysts	Developmental odontogenic cyst of jaw	LOCAL_SUBTYPE_TRANSLATION	DENTAL_TERMINOLOGY
11 K00-K93 消化系统疾病	K00-K14 口腔、涎腺和颌疾病	K09	口区囊肿，不可归类在他处者	K09.0	发育性牙源性囊肿	K09.000x007	颌骨始基囊肿	K09	K09.000	TRUE	007	subtype	Developmental odontogenic cysts	Cysts of oral region, not elsewhere classified	Developmental odontogenic cysts	LOW	K09.0	Developmental odontogenic cysts	Developmental odontogenic cysts	Primordial cyst of jaw	LOCAL_SUBTYPE_TRANSLATION	DENTAL_TERMINOLOGY
11 K00-K93 消化系统疾病	K00-K14 口腔、涎腺和颌疾病	K09	口区囊肿，不可归类在他处者	K09.0	发育性牙源性囊肿	K09.001	含牙囊肿	K09	K09.0	FALSE		diagnosis	Developmental odontogenic cysts	Cysts of oral region, not elsewhere classified	Developmental odontogenic cysts	MEDIUM	K09.0	Developmental odontogenic cysts	Developmental odontogenic cysts	Dentigerous cyst	CLINICAL_STANDARD	DENTAL_TERMINOLOGY
11 K00-K93 消化系统疾病	K00-K14 口腔、涎腺和颌疾病	K09	口区囊肿，不可归类在他处者	K09.0	发育性牙源性囊肿	K09.002	萌牙囊肿	K09	K09.0	FALSE		diagnosis	Developmental odontogenic cysts	Cysts of oral region, not elsewhere classified	Developmental odontogenic cysts	MEDIUM	K09.0	Developmental odontogenic cysts	Developmental odontogenic cysts	Eruption cyst	CLINICAL_STANDARD	DENTAL_TERMINOLOGY
11 K00-K93 消化系统疾病	K00-K14 口腔、涎腺和颌疾病	K09	口区囊肿，不可归类在他处者	K09.0	发育性牙源性囊肿	K09.003	牙龈囊肿	K09	K09.0	FALSE		diagnosis	Developmental odontogenic cysts	Cysts of oral region, not elsewhere classified	Developmental odontogenic cysts	MEDIUM	K09.0	Developmental odontogenic cysts	Developmental odontogenic cysts	Gingival cyst	CLINICAL_STANDARD	DENTAL_TERMINOLOGY
11 K00-K93 消化系统疾病	K00-K14 口腔、涎腺和颌疾病	K09	口区囊肿，不可归类在他处者	K09.0	发育性牙源性囊肿	K09.004	颌骨含牙囊肿	K09	K09.0	FALSE		diagnosis	Developmental odontogenic cysts	Cysts of oral region, not elsewhere classified	Developmental odontogenic cysts	MEDIUM	K09.0	Developmental odontogenic cysts	Developmental odontogenic cysts	Dentigerous cyst of jaw	CLINICAL_STANDARD	DENTAL_TERMINOLOGY
11 K00-K93 消化系统疾病	K00-K14 口腔、涎腺和颌疾病	K09	口区囊肿，不可归类在他处者	K09.0	发育性牙源性囊肿	K09.005	始基囊肿	K09	K09.0	FALSE		diagnosis	Developmental odontogenic cysts	Cysts of oral region, not elsewhere classified	Developmental odontogenic cysts	MEDIUM	K09.0	Developmental odontogenic cysts	Developmental odontogenic cysts	Primordial cyst	CLINICAL_STANDARD	DENTAL_TERMINOLOGY
11 K00-K93 消化系统疾病	K00-K14 口腔、涎腺和颌疾病	K09	口区囊肿，不可归类在他处者	K09.1	口区发育性（非牙源性）囊肿	K09.100	口区发育性（非牙源性）囊肿	K09	K09.1	FALSE		diagnosis	Developmental (nonodontogenic) cysts of oral region	Cysts of oral region, not elsewhere classified	Developmental (nonodontogenic) cysts of oral region	HIGH	K09.1	Developmental (nonodontogenic) cysts of oral region	Developmental (nonodontogenic) cysts of oral region	Developmental (nonodontogenic) cysts of oral region	WHO_EXACT	WHO_ICD10
11 K00-K93 消化系统疾病	K00-K14 口腔、涎腺和颌疾病	K09	口区囊肿，不可归类在他处者	K09.1	口区发育性（非牙源性）囊肿	K09.100x001	腭骨囊肿	K09	K09.100	TRUE	001	subtype	Developmental (nonodontogenic) cysts of oral region	Cysts of oral region, not elsewhere classified	Developmental (nonodontogenic) cysts of oral region	LOW	K09.1	Developmental (nonodontogenic) cysts of oral region	Developmental (nonodontogenic) cysts of oral region	Palatal cyst	LOCAL_SUBTYPE_TRANSLATION	DENTAL_TERMINOLOGY
11 K00-K93 消化系统疾病	K00-K14 口腔、涎腺和颌疾病	K09	口区囊肿，不可归类在他处者	K09.1	口区发育性（非牙源性）囊肿	K09.100x003	球上颌囊肿	K09	K09.100	TRUE	003	subtype	Developmental (nonodontogenic) cysts of oral region	Cysts of oral region, not elsewhere classified	Developmental (nonodontogenic) cysts of oral region	LOW	K09.1	Developmental (nonodontogenic) cysts of oral region	Developmental (nonodontogenic) cysts of oral region	Globulomaxillary cyst	LOCAL_SUBTYPE_TRANSLATION	DENTAL_TERMINOLOGY
11 K00-K93 消化系统疾病	K00-K14 口腔、涎腺和颌疾病	K09	口区囊肿，不可归类在他处者	K09.1	口区发育性（非牙源性）囊肿	K09.100x004	口腔发育性（非牙源性）囊肿	K09	K09.100	TRUE	004	subtype	Developmental (nonodontogenic) cysts of oral region	Cysts of oral region, not elsewhere classified	Developmental (nonodontogenic) cysts of oral region	LOW	K09.1	Developmental (nonodontogenic) cysts of oral region	Developmental (nonodontogenic) cysts of oral region	Developmental nonodontogenic cyst of oral region	LOCAL_SUBTYPE_TRANSLATION	DENTAL_TERMINOLOGY
11 K00-K93 消化系统疾病	K00-K14 口腔、涎腺和颌疾病	K09	口区囊肿，不可归类在他处者	K09.1	口区发育性（非牙源性）囊肿	K09.100x006	鼻腭囊肿	K09	K09.100	TRUE	006	subtype	Developmental (nonodontogenic) cysts of oral region	Cysts of oral region, not elsewhere classified	Developmental (nonodontogenic) cysts of oral region	LOW	K09.1	Developmental (nonodontogenic) cysts of oral region	Developmental (nonodontogenic) cysts of oral region	Nasopalatine cyst	LOCAL_SUBTYPE_TRANSLATION	DENTAL_TERMINOLOGY
11 K00-K93 消化系统疾病	K00-K14 口腔、涎腺和颌疾病	K09	口区囊肿，不可归类在他处者	K09.1	口区发育性（非牙源性）囊肿	K09.102	鼻牙槽囊肿	K09	K09.1	FALSE		diagnosis	Developmental (nonodontogenic) cysts of oral region	Cysts of oral region, not elsewhere classified	Developmental (nonodontogenic) cysts of oral region	MEDIUM	K09.1	Developmental (nonodontogenic) cysts of oral region	Developmental (nonodontogenic) cysts of oral region	Nasoalveolar cyst	CLINICAL_STANDARD	DENTAL_TERMINOLOGY
11 K00-K93 消化系统疾病	K00-K14 口腔、涎腺和颌疾病	K09	口区囊肿，不可归类在他处者	K09.1	口区发育性（非牙源性）囊肿	K09.103	鼻腭管囊肿	K09	K09.1	FALSE		diagnosis	Developmental (nonodontogenic) cysts of oral region	Cysts of oral region, not elsewhere classified	Developmental (nonodontogenic) cysts of oral region	MEDIUM	K09.1	Developmental (nonodontogenic) cysts of oral region	Developmental (nonodontogenic) cysts of oral region	Nasopalatine duct cyst	CLINICAL_STANDARD	DENTAL_TERMINOLOGY
11 K00-K93 消化系统疾病	K00-K14 口腔、涎腺和颌疾病	K09	口区囊肿，不可归类在他处者	K09.2	颌的其他囊肿	K09.200	颌的其他囊肿	K09	K09.2	FALSE		diagnosis	Other cysts of jaw	Cysts of oral region, not elsewhere classified	Other cysts of jaw	HIGH	K09.2	Other cysts of jaw	Other cysts of jaw	Other cysts of jaw	WHO_EXACT	WHO_ICD10
11 K00-K93 消化系统疾病	K00-K14 口腔、涎腺和颌疾病	K09	口区囊肿，不可归类在他处者	K09.2	颌的其他囊肿	K09.200x001	颌骨囊肿	K09	K09.200	TRUE	001	subtype	Other cysts of jaw	Cysts of oral region, not elsewhere classified	Other cysts of jaw	LOW	K09.2	Other cysts of jaw	Other cysts of jaw	Cyst of jaw	LOCAL_SUBTYPE_TRANSLATION	DENTAL_TERMINOLOGY
11 K00-K93 消化系统疾病	K00-K14 口腔、涎腺和颌疾病	K09	口区囊肿，不可归类在他处者	K09.2	颌的其他囊肿	K09.201	颌出血性囊肿	K09	K09.2	FALSE		diagnosis	Other cysts of jaw	Cysts of oral region, not elsewhere classified	Other cysts of jaw	MEDIUM	K09.2	Other cysts of jaw	Other cysts of jaw	Hemorrhagic cyst of jaw	CLINICAL_STANDARD	DENTAL_TERMINOLOGY
11 K00-K93 消化系统疾病	K00-K14 口腔、涎腺和颌疾病	K09	口区囊肿，不可归类在他处者	K09.2	颌的其他囊肿	K09.202	颌动脉瘤性囊肿	K09	K09.2	FALSE		diagnosis	Other cysts of jaw	Cysts of oral region, not elsewhere classified	Other cysts of jaw	MEDIUM	K09.2	Other cysts of jaw	Other cysts of jaw	Aneurysmal cyst of jaw	CLINICAL_STANDARD	DENTAL_TERMINOLOGY
11 K00-K93 消化系统疾病	K00-K14 口腔、涎腺和颌疾病	K09	口区囊肿，不可归类在他处者	K09.2	颌的其他囊肿	K09.203	髁状突囊肿	K09	K09.2	FALSE		diagnosis	Other cysts of jaw	Cysts of oral region, not elsewhere classified	Other cysts of jaw	MEDIUM	K09.2	Other cysts of jaw	Other cysts of jaw	Condylar cyst	CLINICAL_STANDARD	DENTAL_TERMINOLOGY
11 K00-K93 消化系统疾病	K00-K14 口腔、涎腺和颌疾病	K09	口区囊肿，不可归类在他处者	K09.2	颌的其他囊肿	K09.204	上颌骨囊肿	K09	K09.2	FALSE		diagnosis	Other cysts of jaw	Cysts of oral region, not elsewhere classified	Other cysts of jaw	MEDIUM	K09.2	Other cysts of jaw	Other cysts of jaw	Maxillary cyst	CLINICAL_STANDARD	DENTAL_TERMINOLOGY
11 K00-K93 消化系统疾病	K00-K14 口腔、涎腺和颌疾病	K09	口区囊肿，不可归类在他处者	K09.2	颌的其他囊肿	K09.205	下颌骨囊肿	K09	K09.2	FALSE		diagnosis	Other cysts of jaw	Cysts of oral region, not elsewhere classified	Other cysts of jaw	MEDIUM	K09.2	Other cysts of jaw	Other cysts of jaw	Mandibular cyst	CLINICAL_STANDARD	DENTAL_TERMINOLOGY
11 K00-K93 消化系统疾病	K00-K14 口腔、涎腺和颌疾病	K09	口区囊肿，不可归类在他处者	K09.8	其他口区囊肿，不可归类在他处者	K09.800	口区囊肿，其他的,不可归类在他处者	K09	K09.8	FALSE		diagnosis	Other cysts of oral region, not elsewhere classified	Cysts of oral region, not elsewhere classified	Other cysts of oral region, not elsewhere classified	HIGH	K09.8	Other cysts of oral region, not elsewhere classified	Other cysts of oral region, not elsewhere classified	Other cysts of oral region, not elsewhere classified	WHO_EXACT	WHO_ICD10
11 K00-K93 消化系统疾病	K00-K14 口腔、涎腺和颌疾病	K09	口区囊肿，不可归类在他处者	K09.8	其他口区囊肿，不可归类在他处者	K09.800x005	爱泼斯坦小结[口底皮样囊肿]	K09	K09.800	TRUE	005	subtype	Other cysts of oral region, not elsewhere classified	Cysts of oral region, not elsewhere classified	Other cysts of oral region, not elsewhere classified	LOW	K09.8	Other cysts of oral region, not elsewhere classified	Other cysts of oral region, not elsewhere classified	Epstein pearl [dermoid cyst of floor of mouth]	LOCAL_SUBTYPE_TRANSLATION	DENTAL_TERMINOLOGY
11 K00-K93 消化系统疾病	K00-K14 口腔、涎腺和颌疾病	K09	口区囊肿，不可归类在他处者	K09.8	其他口区囊肿，不可归类在他处者	K09.801	腮腺淋巴上皮囊肿	K09	K09.8	FALSE		diagnosis	Other cysts of oral region, not elsewhere classified	Cysts of oral region, not elsewhere classified	Other cysts of oral region, not elsewhere classified	MEDIUM	K09.8	Other cysts of oral region, not elsewhere classified	Other cysts of oral region, not elsewhere classified	Lymphoepithelial cyst of parotid gland	CLINICAL_STANDARD	DENTAL_TERMINOLOGY
11 K00-K93 消化系统疾病	K00-K14 口腔、涎腺和颌疾病	K09	口区囊肿，不可归类在他处者	K09.8	其他口区囊肿，不可归类在他处者	K09.804	颏部皮样囊肿	K09	K09.8	FALSE		diagnosis	Other cysts of oral region, not elsewhere classified	Cysts of oral region, not elsewhere classified	Other cysts of oral region, not elsewhere classified	MEDIUM	K09.8	Other cysts of oral region, not elsewhere classified	Other cysts of oral region, not elsewhere classified	Dermoid cyst of chin	CLINICAL_STANDARD	DENTAL_TERMINOLOGY
11 K00-K93 消化系统疾病	K00-K14 口腔、涎腺和颌疾病	K09	口区囊肿，不可归类在他处者	K09.8	其他口区囊肿，不可归类在他处者	K09.805	颊囊肿	K09	K09.8	FALSE		diagnosis	Other cysts of oral region, not elsewhere classified	Cysts of oral region, not elsewhere classified	Other cysts of oral region, not elsewhere classified	MEDIUM	K09.8	Other cysts of oral region, not elsewhere classified	Other cysts of oral region, not elsewhere classified	Buccal cyst	CLINICAL_STANDARD	DENTAL_TERMINOLOGY
11 K00-K93 消化系统疾病	K00-K14 口腔、涎腺和颌疾病	K09	口区囊肿，不可归类在他处者	K09.8	其他口区囊肿，不可归类在他处者	K09.806	口腔表皮样囊肿	K09	K09.8	FALSE		diagnosis	Other cysts of oral region, not elsewhere classified	Cysts of oral region, not elsewhere classified	Other cysts of oral region, not elsewhere classified	MEDIUM	K09.8	Other cysts of oral region, not elsewhere classified	Other cysts of oral region, not elsewhere classified	Epidermoid cyst of oral cavity	CLINICAL_STANDARD	DENTAL_TERMINOLOGY
11 K00-K93 消化系统疾病	K00-K14 口腔、涎腺和颌疾病	K09	口区囊肿，不可归类在他处者	K09.8	其他口区囊肿，不可归类在他处者	K09.807	口腔皮样囊肿	K09	K09.8	FALSE		diagnosis	Other cysts of oral region, not elsewhere classified	Cysts of oral region, not elsewhere classified	Other cysts of oral region, not elsewhere classified	MEDIUM	K09.8	Other cysts of oral region, not elsewhere classified	Other cysts of oral region, not elsewhere classified	Dermoid cyst of oral cavity	CLINICAL_STANDARD	DENTAL_TERMINOLOGY
11 K00-K93 消化系统疾病	K00-K14 口腔、涎腺和颌疾病	K09	口区囊肿，不可归类在他处者	K09.8	其他口区囊肿，不可归类在他处者	K09.808	口腔黏液腺囊肿	K09	K09.8	FALSE		diagnosis	Other cysts of oral region, not elsewhere classified	Cysts of oral region, not elsewhere classified	Other cysts of oral region, not elsewhere classified	MEDIUM	K09.8	Other cysts of oral region, not elsewhere classified	Other cysts of oral region, not elsewhere classified	Mucous gland cyst of oral cavity	CLINICAL_STANDARD	DENTAL_TERMINOLOGY
11 K00-K93 消化系统疾病	K00-K14 口腔、涎腺和颌疾病	K09	口区囊肿，不可归类在他处者	K09.8	其他口区囊肿，不可归类在他处者	K09.809	口腔淋巴上皮囊肿	K09	K09.8	FALSE		diagnosis	Other cysts of oral region, not elsewhere classified	Cysts of oral region, not elsewhere classified	Other cysts of oral region, not elsewhere classified	MEDIUM	K09.8	Other cysts of oral region, not elsewhere classified	Other cysts of oral region, not elsewhere classified	Lymphoepithelial cyst of oral cavity	CLINICAL_STANDARD	DENTAL_TERMINOLOGY
11 K00-K93 消化系统疾病	K00-K14 口腔、涎腺和颌疾病	K09	口区囊肿，不可归类在他处者	K09.9	未特指的口区囊肿	K09.900	口区囊肿	K09	K09.9	FALSE		diagnosis	Cyst of oral region, unspecified	Cysts of oral region, not elsewhere classified	Cyst of oral region, unspecified	HIGH	K09.9	Cyst of oral region, unspecified	Cyst of oral region, unspecified	Cyst of oral region, unspecified	WHO_EXACT	WHO_ICD10
11 K00-K93 消化系统疾病	K00-K14 口腔、涎腺和颌疾病	K09	口区囊肿，不可归类在他处者	K09.9	未特指的口区囊肿	K09.900x001	口腔囊肿	K09	K09.900	TRUE	001	subtype	Cyst of oral region, unspecified	Cysts of oral region, not elsewhere classified	Cyst of oral region, unspecified	LOW	K09.9	Cyst of oral region, unspecified	Cyst of oral region, unspecified	Oral cyst	LOCAL_SUBTYPE_TRANSLATION	DENTAL_TERMINOLOGY
11 K00-K93 消化系统疾病	K00-K14 口腔、涎腺和颌疾病	K10	颌的其他疾病	K10.0	颌的发育性疾患	K10.000	颌的发育性疾患	K10	K10.0	FALSE		diagnosis	Developmental disorders of jaws	Other diseases of jaws	Developmental disorders of jaws	HIGH	K10.0	Developmental disorders of jaws	Developmental disorders of jaws	Developmental disorders of jaws	WHO_EXACT	WHO_ICD10
11 K00-K93 消化系统疾病	K00-K14 口腔、涎腺和颌疾病	K10	颌的其他疾病	K10.0	颌的发育性疾患	K10.000x002	腭隆凸	K10	K10.000	TRUE	002	subtype	Developmental disorders of jaws	Other diseases of jaws	Developmental disorders of jaws	LOW	K10.0	Developmental disorders of jaws	Developmental disorders of jaws	Torus palatinus	LOCAL_SUBTYPE_TRANSLATION	DENTAL_TERMINOLOGY
11 K00-K93 消化系统疾病	K00-K14 口腔、涎腺和颌疾病	K10	颌的其他疾病	K10.0	颌的发育性疾患	K10.000x003	颌的潜伏性骨囊肿	K10	K10.000	TRUE	003	subtype	Developmental disorders of jaws	Other diseases of jaws	Developmental disorders of jaws	LOW	K10.0	Developmental disorders of jaws	Developmental disorders of jaws	Latent bone cyst of jaw	LOCAL_SUBTYPE_TRANSLATION	DENTAL_TERMINOLOGY
11 K00-K93 消化系统疾病	K00-K14 口腔、涎腺和颌疾病	K10	颌的其他疾病	K10.0	颌的发育性疾患	K10.000x004	斯塔夫尼囊肿	K10	K10.000	TRUE	004	subtype	Developmental disorders of jaws	Other diseases of jaws	Developmental disorders of jaws	LOW	K10.0	Developmental disorders of jaws	Developmental disorders of jaws	Stafne bone cyst	LOCAL_SUBTYPE_TRANSLATION	DENTAL_TERMINOLOGY
11 K00-K93 消化系统疾病	K00-K14 口腔、涎腺和颌疾病	K10	颌的其他疾病	K10.0	颌的发育性疾患	K10.001	下颌隆凸	K10	K10.0	FALSE		diagnosis	Developmental disorders of jaws	Other diseases of jaws	Developmental disorders of jaws	MEDIUM	K10.0	Developmental disorders of jaws	Developmental disorders of jaws	Torus mandibularis	CLINICAL_STANDARD	DENTAL_TERMINOLOGY
11 K00-K93 消化系统疾病	K00-K14 口腔、涎腺和颌疾病	K10	颌的其他疾病	K10.0	颌的发育性疾患	K10.002	腭裂手术后畸形	K10	K10.0	FALSE		diagnosis	Developmental disorders of jaws	Other diseases of jaws	Developmental disorders of jaws	MEDIUM	K10.0	Developmental disorders of jaws	Developmental disorders of jaws	Deformity after cleft palate surgery	CLINICAL_STANDARD	DENTAL_TERMINOLOGY
11 K00-K93 消化系统疾病	K00-K14 口腔、涎腺和颌疾病	K10	颌的其他疾病	K10.1	中心性巨细胞肉芽肿	K10.100	中心性巨细胞肉芽肿	K10	K10.1	FALSE		diagnosis	Giant cell granuloma, central	Other diseases of jaws	Giant cell granuloma, central	HIGH	K10.1	Giant cell granuloma, central	Giant cell granuloma, central	Giant cell granuloma, central	WHO_EXACT	WHO_ICD10
11 K00-K93 消化系统疾病	K00-K14 口腔、涎腺和颌疾病	K10	颌的其他疾病	K10.1	中心性巨细胞肉芽肿	K10.100x001	颌骨中枢性巨细胞病变	K10	K10.100	TRUE	001	subtype	Giant cell granuloma, central	Other diseases of jaws	Giant cell granuloma, central	LOW	K10.1	Giant cell granuloma, central	Giant cell granuloma, central	Central giant cell lesion of jaw	LOCAL_SUBTYPE_TRANSLATION	DENTAL_TERMINOLOGY
11 K00-K93 消化系统疾病	K00-K14 口腔、涎腺和颌疾病	K10	颌的其他疾病	K10.1	中心性巨细胞肉芽肿	K10.100x003	颌下区肉芽肿	K10	K10.100	TRUE	003	subtype	Giant cell granuloma, central	Other diseases of jaws	Giant cell granuloma, central	LOW	K10.1	Giant cell granuloma, central	Giant cell granuloma, central	Granuloma of submandibular region	LOCAL_SUBTYPE_TRANSLATION	DENTAL_TERMINOLOGY
11 K00-K93 消化系统疾病	K00-K14 口腔、涎腺和颌疾病	K10	颌的其他疾病	K10.1	中心性巨细胞肉芽肿	K10.101	颌骨巨细胞修复性肉芽肿	K10	K10.1	FALSE		diagnosis	Giant cell granuloma, central	Other diseases of jaws	Giant cell granuloma, central	MEDIUM	K10.1	Giant cell granuloma, central	Giant cell granuloma, central	Giant cell reparative granuloma of jaw	CLINICAL_STANDARD	DENTAL_TERMINOLOGY
11 K00-K93 消化系统疾病	K00-K14 口腔、涎腺和颌疾病	K10	颌的其他疾病	K10.1	中心性巨细胞肉芽肿	K10.102	颌骨巨细胞肉芽肿	K10	K10.1	FALSE		diagnosis	Giant cell granuloma, central	Other diseases of jaws	Giant cell granuloma, central	MEDIUM	K10.1	Giant cell granuloma, central	Giant cell granuloma, central	Giant cell granuloma of jaw	CLINICAL_STANDARD	DENTAL_TERMINOLOGY
11 K00-K93 消化系统疾病	K00-K14 口腔、涎腺和颌疾病	K10	颌的其他疾病	K10.1	中心性巨细胞肉芽肿	K10.103	颌肉芽肿	K10	K10.1	FALSE		diagnosis	Giant cell granuloma, central	Other diseases of jaws	Giant cell granuloma, central	MEDIUM	K10.1	Giant cell granuloma, central	Giant cell granuloma, central	Granuloma of jaw	CLINICAL_STANDARD	DENTAL_TERMINOLOGY
11 K00-K93 消化系统疾病	K00-K14 口腔、涎腺和颌疾病	K10	颌的其他疾病	K10.2	颌的炎性情况	K10.200	颌的炎性情况	K10	K10.2	FALSE		diagnosis	Inflammatory conditions of jaws	Other diseases of jaws	Inflammatory conditions of jaws	HIGH	K10.2	Inflammatory conditions of jaws	Inflammatory conditions of jaws	Inflammatory conditions of jaws	WHO_EXACT	WHO_ICD10
11 K00-K93 消化系统疾病	K00-K14 口腔、涎腺和颌疾病	K10	颌的其他疾病	K10.2	颌的炎性情况	K10.200x009	新生儿颌骨骨髓炎	K10	K10.200	TRUE	009	subtype	Inflammatory conditions of jaws	Other diseases of jaws	Inflammatory conditions of jaws	LOW	K10.2	Inflammatory conditions of jaws	Inflammatory conditions of jaws	Neonatal osteomyelitis of jaw	LOCAL_SUBTYPE_TRANSLATION	DENTAL_TERMINOLOGY
11 K00-K93 消化系统疾病	K00-K14 口腔、涎腺和颌疾病	K10	颌的其他疾病	K10.2	颌的炎性情况	K10.201	放射性颌骨坏死	K10	K10.2	FALSE		diagnosis	Inflammatory conditions of jaws	Other diseases of jaws	Inflammatory conditions of jaws	MEDIUM	K10.2	Inflammatory conditions of jaws	Inflammatory conditions of jaws	Osteoradionecrosis of jaw	CLINICAL_STANDARD	DENTAL_TERMINOLOGY
11 K00-K93 消化系统疾病	K00-K14 口腔、涎腺和颌疾病	K10	颌的其他疾病	K10.2	颌的炎性情况	K10.202	颌骨骨髓炎	K10	K10.2	FALSE		diagnosis	Inflammatory conditions of jaws	Other diseases of jaws	Inflammatory conditions of jaws	MEDIUM	K10.2	Inflammatory conditions of jaws	Inflammatory conditions of jaws	Osteomyelitis of jaw	CLINICAL_STANDARD	DENTAL_TERMINOLOGY
11 K00-K93 消化系统疾病	K00-K14 口腔、涎腺和颌疾病	K10	颌的其他疾病	K10.2	颌的炎性情况	K10.203	颌骨放射性骨髓炎	K10	K10.2	FALSE		diagnosis	Inflammatory conditions of jaws	Other diseases of jaws	Inflammatory conditions of jaws	MEDIUM	K10.2	Inflammatory conditions of jaws	Inflammatory conditions of jaws	Radiation osteomyelitis of jaw	CLINICAL_STANDARD	DENTAL_TERMINOLOGY
11 K00-K93 消化系统疾病	K00-K14 口腔、涎腺和颌疾病	K10	颌的其他疾病	K10.2	颌的炎性情况	K10.204	颌骨炎性增生	K10	K10.2	FALSE		diagnosis	Inflammatory conditions of jaws	Other diseases of jaws	Inflammatory conditions of jaws	MEDIUM	K10.2	Inflammatory conditions of jaws	Inflammatory conditions of jaws	Inflammatory hyperplasia of jaw	CLINICAL_STANDARD	DENTAL_TERMINOLOGY
11 K00-K93 消化系统疾病	K00-K14 口腔、涎腺和颌疾病	K10	颌的其他疾病	K10.2	颌的炎性情况	K10.205	颌骨骨炎	K10	K10.2	FALSE		diagnosis	Inflammatory conditions of jaws	Other diseases of jaws	Inflammatory conditions of jaws	MEDIUM	K10.2	Inflammatory conditions of jaws	Inflammatory conditions of jaws	Osteitis of jaw	CLINICAL_STANDARD	DENTAL_TERMINOLOGY
11 K00-K93 消化系统疾病	K00-K14 口腔、涎腺和颌疾病	K10	颌的其他疾病	K10.2	颌的炎性情况	K10.206	颌骨死骨	K10	K10.2	FALSE		diagnosis	Inflammatory conditions of jaws	Other diseases of jaws	Inflammatory conditions of jaws	MEDIUM	K10.2	Inflammatory conditions of jaws	Inflammatory conditions of jaws	Sequestrum of jaw	CLINICAL_STANDARD	DENTAL_TERMINOLOGY
11 K00-K93 消化系统疾病	K00-K14 口腔、涎腺和颌疾病	K10	颌的其他疾病	K10.2	颌的炎性情况	K10.207	化脓性颌骨髓炎	K10	K10.2	FALSE		diagnosis	Inflammatory conditions of jaws	Other diseases of jaws	Inflammatory conditions of jaws	MEDIUM	K10.2	Inflammatory conditions of jaws	Inflammatory conditions of jaws	Suppurative osteomyelitis of jaw	CLINICAL_STANDARD	DENTAL_TERMINOLOGY
11 K00-K93 消化系统疾病	K00-K14 口腔、涎腺和颌疾病	K10	颌的其他疾病	K10.2	颌的炎性情况	K10.208	髁状突炎	K10	K10.2	FALSE		diagnosis	Inflammatory conditions of jaws	Other diseases of jaws	Inflammatory conditions of jaws	MEDIUM	K10.2	Inflammatory conditions of jaws	Inflammatory conditions of jaws	Condylar inflammation	CLINICAL_STANDARD	DENTAL_TERMINOLOGY
11 K00-K93 消化系统疾病	K00-K14 口腔、涎腺和颌疾病	K10	颌的其他疾病	K10.2	颌的炎性情况	K10.209	慢性下颌骨边缘性骨髓炎	K10	K10.2	FALSE		diagnosis	Inflammatory conditions of jaws	Other diseases of jaws	Inflammatory conditions of jaws	MEDIUM	K10.2	Inflammatory conditions of jaws	Inflammatory conditions of jaws	Chronic peripheral osteomyelitis of mandible	CLINICAL_STANDARD	DENTAL_TERMINOLOGY
11 K00-K93 消化系统疾病	K00-K14 口腔、涎腺和颌疾病	K10	颌的其他疾病	K10.2	颌的炎性情况	K10.210	慢性下颌骨中央性骨髓炎	K10	K10.2	FALSE		diagnosis	Inflammatory conditions of jaws	Other diseases of jaws	Inflammatory conditions of jaws	MEDIUM	K10.2	Inflammatory conditions of jaws	Inflammatory conditions of jaws	Chronic central osteomyelitis of mandible	CLINICAL_STANDARD	DENTAL_TERMINOLOGY
11 K00-K93 消化系统疾病	K00-K14 口腔、涎腺和颌疾病	K10	颌的其他疾病	K10.2	颌的炎性情况	K10.211	慢性颌骨炎	K10	K10.2	FALSE		diagnosis	Inflammatory conditions of jaws	Other diseases of jaws	Inflammatory conditions of jaws	MEDIUM	K10.2	Inflammatory conditions of jaws	Inflammatory conditions of jaws	Chronic osteitis of jaw	CLINICAL_STANDARD	DENTAL_TERMINOLOGY
11 K00-K93 消化系统疾病	K00-K14 口腔、涎腺和颌疾病	K10	颌的其他疾病	K10.2	颌的炎性情况	K10.212	下颌炎性窦道	K10	K10.2	FALSE		diagnosis	Inflammatory conditions of jaws	Other diseases of jaws	Inflammatory conditions of jaws	MEDIUM	K10.2	Inflammatory conditions of jaws	Inflammatory conditions of jaws	Inflammatory sinus tract of mandible	CLINICAL_STANDARD	DENTAL_TERMINOLOGY
11 K00-K93 消化系统疾病	K00-K14 口腔、涎腺和颌疾病	K10	颌的其他疾病	K10.2	颌的炎性情况	K10.213	下颌骨局限坏死	K10	K10.2	FALSE		diagnosis	Inflammatory conditions of jaws	Other diseases of jaws	Inflammatory conditions of jaws	MEDIUM	K10.2	Inflammatory conditions of jaws	Inflammatory conditions of jaws	Localized necrosis of mandible	CLINICAL_STANDARD	DENTAL_TERMINOLOGY
11 K00-K93 消化系统疾病	K00-K14 口腔、涎腺和颌疾病	K10	颌的其他疾病	K10.2	颌的炎性情况	K10.214	翼腭窝炎	K10	K10.2	FALSE		diagnosis	Inflammatory conditions of jaws	Other diseases of jaws	Inflammatory conditions of jaws	MEDIUM	K10.2	Inflammatory conditions of jaws	Inflammatory conditions of jaws	Inflammation of pterygopalatine fossa	CLINICAL_STANDARD	DENTAL_TERMINOLOGY
11 K00-K93 消化系统疾病	K00-K14 口腔、涎腺和颌疾病	K10	颌的其他疾病	K10.3	颌的牙槽炎	K10.300	颌的牙槽炎	K10	K10.3	FALSE		diagnosis	Alveolitis of jaws	Other diseases of jaws	Alveolitis of jaws	HIGH	K10.3	Alveolitis of jaws	Alveolitis of jaws	Alveolitis of jaws	WHO_EXACT	WHO_ICD10
11 K00-K93 消化系统疾病	K00-K14 口腔、涎腺和颌疾病	K10	颌的其他疾病	K10.3	颌的牙槽炎	K10.300x003	颌骨牙槽炎	K10	K10.300	TRUE	003	subtype	Alveolitis of jaws	Other diseases of jaws	Alveolitis of jaws	LOW	K10.3	Alveolitis of jaws	Alveolitis of jaws	Alveolitis of jaw	LOCAL_SUBTYPE_TRANSLATION	DENTAL_TERMINOLOGY
11 K00-K93 消化系统疾病	K00-K14 口腔、涎腺和颌疾病	K10	颌的其他疾病	K10.3	颌的牙槽炎	K10.301	牙槽骨骨炎	K10	K10.3	FALSE		diagnosis	Alveolitis of jaws	Other diseases of jaws	Alveolitis of jaws	MEDIUM	K10.3	Alveolitis of jaws	Alveolitis of jaws	Osteitis of alveolar bone	CLINICAL_STANDARD	DENTAL_TERMINOLOGY
11 K00-K93 消化系统疾病	K00-K14 口腔、涎腺和颌疾病	K10	颌的其他疾病	K10.3	颌的牙槽炎	K10.302	干槽症	K10	K10.3	FALSE		diagnosis	Alveolitis of jaws	Other diseases of jaws	Alveolitis of jaws	MEDIUM	K10.3	Alveolitis of jaws	Alveolitis of jaws	Dry socket	CLINICAL_STANDARD	DENTAL_TERMINOLOGY
11 K00-K93 消化系统疾病	K00-K14 口腔、涎腺和颌疾病	K10	颌的其他疾病	K10.8	其他特指的颌的疾病	K10.800	颌的疾病，其他特指的	K10	K10.8	FALSE		diagnosis	Other specified diseases of jaws	Other diseases of jaws	Other specified diseases of jaws	HIGH	K10.8	Other specified diseases of jaws	Other specified diseases of jaws	Other specified diseases of jaws	WHO_EXACT	WHO_ICD10
11 K00-K93 消化系统疾病	K00-K14 口腔、涎腺和颌疾病	K10	颌的其他疾病	K10.8	其他特指的颌的疾病	K10.800x002	腭血肿	K10	K10.800	TRUE	002	subtype	Other specified diseases of jaws	Other diseases of jaws	Other specified diseases of jaws	LOW	K10.8	Other specified diseases of jaws	Other specified diseases of jaws	Palatal hematoma	LOCAL_SUBTYPE_TRANSLATION	DENTAL_TERMINOLOGY
11 K00-K93 消化系统疾病	K00-K14 口腔、涎腺和颌疾病	K10	颌的其他疾病	K10.8	其他特指的颌的疾病	K10.800x005	颌骨纤维异常增殖症	K10	K10.800	TRUE	005	subtype	Other specified diseases of jaws	Other diseases of jaws	Other specified diseases of jaws	LOW	K10.8	Other specified diseases of jaws	Other specified diseases of jaws	Fibrous dysplasia of jaw	LOCAL_SUBTYPE_TRANSLATION	DENTAL_TERMINOLOGY
11 K00-K93 消化系统疾病	K00-K14 口腔、涎腺和颌疾病	K10	颌的其他疾病	K10.8	其他特指的颌的疾病	K10.800x006	颌骨骨质增生	K10	K10.800	TRUE	006	subtype	Other specified diseases of jaws	Other diseases of jaws	Other specified diseases of jaws	LOW	K10.8	Other specified diseases of jaws	Other specified diseases of jaws	Hyperostosis of jaw	LOCAL_SUBTYPE_TRANSLATION	DENTAL_TERMINOLOGY
11 K00-K93 消化系统疾病	K00-K14 口腔、涎腺和颌疾病	K10	颌的其他疾病	K10.8	其他特指的颌的疾病	K10.800x008	家族性巨颌症	K10	K10.800	TRUE	008	subtype	Other specified diseases of jaws	Other diseases of jaws	Other specified diseases of jaws	LOW	K10.8	Other specified diseases of jaws	Other specified diseases of jaws	Cherubism	LOCAL_SUBTYPE_TRANSLATION	DENTAL_TERMINOLOGY
11 K00-K93 消化系统疾病	K00-K14 口腔、涎腺和颌疾病	K10	颌的其他疾病	K10.8	其他特指的颌的疾病	K10.800x010	颌骨单侧髁突增生	K10	K10.800	TRUE	010	subtype	Other specified diseases of jaws	Other diseases of jaws	Other specified diseases of jaws	LOW	K10.8	Other specified diseases of jaws	Other specified diseases of jaws	Unilateral condylar hyperplasia of jaw	LOCAL_SUBTYPE_TRANSLATION	DENTAL_TERMINOLOGY
11 K00-K93 消化系统疾病	K00-K14 口腔、涎腺和颌疾病	K10	颌的其他疾病	K10.8	其他特指的颌的疾病	K10.800x011	颌骨单侧髁突发育不全	K10	K10.800	TRUE	011	subtype	Other specified diseases of jaws	Other diseases of jaws	Other specified diseases of jaws	LOW	K10.8	Other specified diseases of jaws	Other specified diseases of jaws	Unilateral condylar hypoplasia of jaw	LOCAL_SUBTYPE_TRANSLATION	DENTAL_TERMINOLOGY
11 K00-K93 消化系统疾病	K00-K14 口腔、涎腺和颌疾病	K10	颌的其他疾病	K10.8	其他特指的颌的疾病	K10.800x012	髁突肥大	K10	K10.800	TRUE	012	subtype	Other specified diseases of jaws	Other diseases of jaws	Other specified diseases of jaws	LOW	K10.8	Other specified diseases of jaws	Other specified diseases of jaws	Condylar hypertrophy	LOCAL_SUBTYPE_TRANSLATION	DENTAL_TERMINOLOGY
11 K00-K93 消化系统疾病	K00-K14 口腔、涎腺和颌疾病	K10	颌的其他疾病	K10.8	其他特指的颌的疾病	K10.801	单侧髁状突肥大	K10	K10.8	FALSE		diagnosis	Other specified diseases of jaws	Other diseases of jaws	Other specified diseases of jaws	MEDIUM	K10.8	Other specified diseases of jaws	Other specified diseases of jaws	Unilateral condylar hypertrophy	CLINICAL_STANDARD	DENTAL_TERMINOLOGY
11 K00-K93 消化系统疾病	K00-K14 口腔、涎腺和颌疾病	K10	颌的其他疾病	K10.8	其他特指的颌的疾病	K10.802	髁状突骨疣	K10	K10.8	FALSE		diagnosis	Other specified diseases of jaws	Other diseases of jaws	Other specified diseases of jaws	MEDIUM	K10.8	Other specified diseases of jaws	Other specified diseases of jaws	Condylar osteophyte	CLINICAL_STANDARD	DENTAL_TERMINOLOGY
11 K00-K93 消化系统疾病	K00-K14 口腔、涎腺和颌疾病	K10	颌的其他疾病	K10.8	其他特指的颌的疾病	K10.803	后天性腭畸形	K10	K10.8	FALSE		diagnosis	Other specified diseases of jaws	Other diseases of jaws	Other specified diseases of jaws	MEDIUM	K10.8	Other specified diseases of jaws	Other specified diseases of jaws	Acquired deformity of palate	CLINICAL_STANDARD	DENTAL_TERMINOLOGY
11 K00-K93 消化系统疾病	K00-K14 口腔、涎腺和颌疾病	K10	颌的其他疾病	K10.8	其他特指的颌的疾病	K10.804	颌骨纤维结构发育不良	K10	K10.8	FALSE		diagnosis	Other specified diseases of jaws	Other diseases of jaws	Other specified diseases of jaws	MEDIUM	K10.8	Other specified diseases of jaws	Other specified diseases of jaws	Fibrous dysplasia of jaw	CLINICAL_STANDARD	DENTAL_TERMINOLOGY
11 K00-K93 消化系统疾病	K00-K14 口腔、涎腺和颌疾病	K10	颌的其他疾病	K10.8	其他特指的颌的疾病	K10.805	颌外生性骨疣	K10	K10.8	FALSE		diagnosis	Other specified diseases of jaws	Other diseases of jaws	Other specified diseases of jaws	MEDIUM	K10.8	Other specified diseases of jaws	Other specified diseases of jaws	Exostosis of jaw	CLINICAL_STANDARD	DENTAL_TERMINOLOGY
11 K00-K93 消化系统疾病	K00-K14 口腔、涎腺和颌疾病	K10	颌的其他疾病	K10.8	其他特指的颌的疾病	K10.808	上腭穿孔	K10	K10.8	FALSE		diagnosis	Other specified diseases of jaws	Other diseases of jaws	Other specified diseases of jaws	MEDIUM	K10.8	Other specified diseases of jaws	Other specified diseases of jaws	Palatal perforation	CLINICAL_STANDARD	DENTAL_TERMINOLOGY
11 K00-K93 消化系统疾病	K00-K14 口腔、涎腺和颌疾病	K10	颌的其他疾病	K10.8	其他特指的颌的疾病	K10.809	颌部瘤样纤维组织增生	K10	K10.8	FALSE		diagnosis	Other specified diseases of jaws	Other diseases of jaws	Other specified diseases of jaws	MEDIUM	K10.8	Other specified diseases of jaws	Other specified diseases of jaws	Tumor-like fibrous hyperplasia of jaw	CLINICAL_STANDARD	DENTAL_TERMINOLOGY
11 K00-K93 消化系统疾病	K00-K14 口腔、涎腺和颌疾病	K10	颌的其他疾病	K10.9	未特指的颌的疾病	K10.900	颌的疾病	K10	K10.9	FALSE		diagnosis	Disease of jaws, unspecified	Other diseases of jaws	Disease of jaws, unspecified	HIGH	K10.9	Disease of jaws, unspecified	Disease of jaws, unspecified	Disease of jaws, unspecified	WHO_EXACT	WHO_ICD10
11 K00-K93 消化系统疾病	K00-K14 口腔、涎腺和颌疾病	K10	颌的其他疾病	K10.9	未特指的颌的疾病	K10.900x002	颌骨缺损	K10	K10.900	TRUE	002	subtype	Disease of jaws, unspecified	Other diseases of jaws	Disease of jaws, unspecified	LOW	K10.9	Disease of jaws, unspecified	Disease of jaws, unspecified	Defect of jaw	LOCAL_SUBTYPE_TRANSLATION	DENTAL_TERMINOLOGY
11 K00-K93 消化系统疾病	K00-K14 口腔、涎腺和颌疾病	K10	颌的其他疾病	K10.9	未特指的颌的疾病	K10.901	颌骨肿物	K10	K10.9	FALSE		diagnosis	Disease of jaws, unspecified	Other diseases of jaws	Disease of jaws, unspecified	MEDIUM	K10.9	Disease of jaws, unspecified	Disease of jaws, unspecified	mass of jaw	CLINICAL_TRANSLATION	CLINICAL_TRANSLATION
11 K00-K93 消化系统疾病	K00-K14 口腔、涎腺和颌疾病	K11	涎腺疾病	K11.0	涎腺萎缩	K11.000	涎腺萎缩	K11	K11.0	FALSE		diagnosis	Atrophy of salivary gland	Diseases of salivary glands	Atrophy of salivary gland	HIGH	K11.0	Atrophy of salivary gland	Atrophy of salivary gland	Atrophy of salivary gland	WHO_EXACT	WHO_ICD10
11 K00-K93 消化系统疾病	K00-K14 口腔、涎腺和颌疾病	K11	涎腺疾病	K11.1	涎腺增生	K11.100	涎腺增生	K11	K11.1	FALSE		diagnosis	Hypertrophy of salivary gland	Diseases of salivary glands	Hypertrophy of salivary gland	HIGH	K11.1	Hypertrophy of salivary gland	Hypertrophy of salivary gland	Hypertrophy of salivary gland	WHO_EXACT	WHO_ICD10
11 K00-K93 消化系统疾病	K00-K14 口腔、涎腺和颌疾病	K11	涎腺疾病	K11.1	涎腺增生	K11.100x002	下颌下腺良性增生	K11	K11.100	TRUE	002	subtype	Hypertrophy of salivary gland	Diseases of salivary glands	Hypertrophy of salivary gland	LOW	K11.1	Hypertrophy of salivary gland	Hypertrophy of salivary gland	Benign hyperplasia of submandibular gland	LOCAL_SUBTYPE_TRANSLATION	DENTAL_TERMINOLOGY
11 K00-K93 消化系统疾病	K00-K14 口腔、涎腺和颌疾病	K11	涎腺疾病	K11.1	涎腺增生	K11.100x004	唾液腺肥大	K11	K11.100	TRUE	004	subtype	Hypertrophy of salivary gland	Diseases of salivary glands	Hypertrophy of salivary gland	LOW	K11.1	Hypertrophy of salivary gland	Hypertrophy of salivary gland	Hypertrophy of salivary gland	LOCAL_SUBTYPE_TRANSLATION	DENTAL_TERMINOLOGY
11 K00-K93 消化系统疾病	K00-K14 口腔、涎腺和颌疾病	K11	涎腺疾病	K11.1	涎腺增生	K11.101	腮腺肥大	K11	K11.1	FALSE		diagnosis	Hypertrophy of salivary gland	Diseases of salivary glands	Hypertrophy of salivary gland	MEDIUM	K11.1	Hypertrophy of salivary gland	Hypertrophy of salivary gland	Parotid hypertrophy	CLINICAL_STANDARD	DENTAL_TERMINOLOGY
11 K00-K93 消化系统疾病	K00-K14 口腔、涎腺和颌疾病	K11	涎腺疾病	K11.1	涎腺增生	K11.102	颌下腺肥大	K11	K11.1	FALSE		diagnosis	Hypertrophy of salivary gland	Diseases of salivary glands	Hypertrophy of salivary gland	MEDIUM	K11.1	Hypertrophy of salivary gland	Hypertrophy of salivary gland	Submandibular gland hypertrophy	CLINICAL_STANDARD	DENTAL_TERMINOLOGY
11 K00-K93 消化系统疾病	K00-K14 口腔、涎腺和颌疾病	K11	涎腺疾病	K11.2	涎腺炎	K11.200	涎腺炎	K11	K11.2	FALSE		diagnosis	Sialoadenitis	Diseases of salivary glands	Sialoadenitis	HIGH	K11.2	Sialoadenitis	Sialoadenitis	Sialoadenitis	WHO_EXACT	WHO_ICD10
11 K00-K93 消化系统疾病	K00-K14 口腔、涎腺和颌疾病	K11	涎腺疾病	K11.2	涎腺炎	K11.200x009	下颌下腺炎	K11	K11.200	TRUE	009	subtype	Sialoadenitis	Diseases of salivary glands	Sialoadenitis	LOW	K11.2	Sialoadenitis	Sialoadenitis	Submandibular sialadenitis	LOCAL_SUBTYPE_TRANSLATION	DENTAL_TERMINOLOGY
11 K00-K93 消化系统疾病	K00-K14 口腔、涎腺和颌疾病	K11	涎腺疾病	K11.2	涎腺炎	K11.200x011	舌下腺炎	K11	K11.200	TRUE	011	subtype	Sialoadenitis	Diseases of salivary glands	Sialoadenitis	LOW	K11.2	Sialoadenitis	Sialoadenitis	Sublingual sialadenitis	LOCAL_SUBTYPE_TRANSLATION	DENTAL_TERMINOLOGY
11 K00-K93 消化系统疾病	K00-K14 口腔、涎腺和颌疾病	K11	涎腺疾病	K11.2	涎腺炎	K11.200x012	慢性唾液腺炎	K11	K11.200	TRUE	012	subtype	Sialoadenitis	Diseases of salivary glands	Sialoadenitis	LOW	K11.2	Sialoadenitis	Sialoadenitis	Chronic sialadenitis	LOCAL_SUBTYPE_TRANSLATION	DENTAL_TERMINOLOGY
11 K00-K93 消化系统疾病	K00-K14 口腔、涎腺和颌疾病	K11	涎腺疾病	K11.2	涎腺炎	K11.200x014	硬化性唾液腺炎	K11	K11.200	TRUE	014	subtype	Sialoadenitis	Diseases of salivary glands	Sialoadenitis	LOW	K11.2	Sialoadenitis	Sialoadenitis	Sclerosing sialadenitis	LOCAL_SUBTYPE_TRANSLATION	DENTAL_TERMINOLOGY
11 K00-K93 消化系统疾病	K00-K14 口腔、涎腺和颌疾病	K11	涎腺疾病	K11.2	涎腺炎	K11.201	急性腮腺炎	K11	K11.2	FALSE		diagnosis	Sialoadenitis	Diseases of salivary glands	Sialoadenitis	MEDIUM	K11.2	Sialoadenitis	Sialoadenitis	Acute parotitis	CLINICAL_STANDARD	DENTAL_TERMINOLOGY
11 K00-K93 消化系统疾病	K00-K14 口腔、涎腺和颌疾病	K11	涎腺疾病	K11.2	涎腺炎	K11.202	急性颌下腺炎	K11	K11.2	FALSE		diagnosis	Sialoadenitis	Diseases of salivary glands	Sialoadenitis	MEDIUM	K11.2	Sialoadenitis	Sialoadenitis	Acute submandibular sialadenitis	CLINICAL_STANDARD	DENTAL_TERMINOLOGY
11 K00-K93 消化系统疾病	K00-K14 口腔、涎腺和颌疾病	K11	涎腺疾病	K11.2	涎腺炎	K11.203	急性舌下腺炎	K11	K11.2	FALSE		diagnosis	Sialoadenitis	Diseases of salivary glands	Sialoadenitis	MEDIUM	K11.2	Sialoadenitis	Sialoadenitis	Acute sublingual sialadenitis	CLINICAL_STANDARD	DENTAL_TERMINOLOGY
11 K00-K93 消化系统疾病	K00-K14 口腔、涎腺和颌疾病	K11	涎腺疾病	K11.2	涎腺炎	K11.204	慢性腮腺炎	K11	K11.2	FALSE		diagnosis	Sialoadenitis	Diseases of salivary glands	Sialoadenitis	MEDIUM	K11.2	Sialoadenitis	Sialoadenitis	Chronic parotitis	CLINICAL_STANDARD	DENTAL_TERMINOLOGY
11 K00-K93 消化系统疾病	K00-K14 口腔、涎腺和颌疾病	K11	涎腺疾病	K11.2	涎腺炎	K11.205	慢性颌下腺炎	K11	K11.2	FALSE		diagnosis	Sialoadenitis	Diseases of salivary glands	Sialoadenitis	MEDIUM	K11.2	Sialoadenitis	Sialoadenitis	Chronic submandibular sialadenitis	CLINICAL_STANDARD	DENTAL_TERMINOLOGY
11 K00-K93 消化系统疾病	K00-K14 口腔、涎腺和颌疾病	K11	涎腺疾病	K11.2	涎腺炎	K11.206	慢性舌下腺炎	K11	K11.2	FALSE		diagnosis	Sialoadenitis	Diseases of salivary glands	Sialoadenitis	MEDIUM	K11.2	Sialoadenitis	Sialoadenitis	Chronic sublingual sialadenitis	CLINICAL_STANDARD	DENTAL_TERMINOLOGY
11 K00-K93 消化系统疾病	K00-K14 口腔、涎腺和颌疾病	K11	涎腺疾病	K11.2	涎腺炎	K11.207	腮腺炎性假瘤	K11	K11.2	FALSE		diagnosis	Sialoadenitis	Diseases of salivary glands	Sialoadenitis	MEDIUM	K11.2	Sialoadenitis	Sialoadenitis	Inflammatory pseudotumor of parotid gland	CLINICAL_STANDARD	DENTAL_TERMINOLOGY
11 K00-K93 消化系统疾病	K00-K14 口腔、涎腺和颌疾病	K11	涎腺疾病	K11.2	涎腺炎	K11.208	硬化性涎腺炎	K11	K11.2	FALSE		diagnosis	Sialoadenitis	Diseases of salivary glands	Sialoadenitis	MEDIUM	K11.2	Sialoadenitis	Sialoadenitis	Sclerosing sialadenitis	CLINICAL_STANDARD	DENTAL_TERMINOLOGY
11 K00-K93 消化系统疾病	K00-K14 口腔、涎腺和颌疾病	K11	涎腺疾病	K11.2	涎腺炎	K11.209	阻塞性颌下腺炎	K11	K11.2	FALSE		diagnosis	Sialoadenitis	Diseases of salivary glands	Sialoadenitis	MEDIUM	K11.2	Sialoadenitis	Sialoadenitis	Obstructive submandibular sialadenitis	CLINICAL_STANDARD	DENTAL_TERMINOLOGY
11 K00-K93 消化系统疾病	K00-K14 口腔、涎腺和颌疾病	K11	涎腺疾病	K11.2	涎腺炎	K11.210	阻塞性腮腺炎	K11	K11.2	FALSE		diagnosis	Sialoadenitis	Diseases of salivary glands	Sialoadenitis	MEDIUM	K11.2	Sialoadenitis	Sialoadenitis	Obstructive parotitis	CLINICAL_STANDARD	DENTAL_TERMINOLOGY
11 K00-K93 消化系统疾病	K00-K14 口腔、涎腺和颌疾病	K11	涎腺疾病	K11.2	涎腺炎	K11.211	化脓性腮腺炎	K11	K11.2	FALSE		diagnosis	Sialoadenitis	Diseases of salivary glands	Sialoadenitis	MEDIUM	K11.2	Sialoadenitis	Sialoadenitis	Suppurative parotitis	CLINICAL_STANDARD	DENTAL_TERMINOLOGY
11 K00-K93 消化系统疾病	K00-K14 口腔、涎腺和颌疾病	K11	涎腺疾病	K11.3	涎腺脓肿	K11.300	涎腺脓肿	K11	K11.3	FALSE		diagnosis	Abscess of salivary gland	Diseases of salivary glands	Abscess of salivary gland	HIGH	K11.3	Abscess of salivary gland	Abscess of salivary gland	Abscess of salivary gland	WHO_EXACT	WHO_ICD10
11 K00-K93 消化系统疾病	K00-K14 口腔、涎腺和颌疾病	K11	涎腺疾病	K11.3	涎腺脓肿	K11.301	腮腺脓肿	K11	K11.3	FALSE		diagnosis	Abscess of salivary gland	Diseases of salivary glands	Abscess of salivary gland	MEDIUM	K11.3	Abscess of salivary gland	Abscess of salivary gland	Parotid abscess	CLINICAL_STANDARD	DENTAL_TERMINOLOGY
11 K00-K93 消化系统疾病	K00-K14 口腔、涎腺和颌疾病	K11	涎腺疾病	K11.3	涎腺脓肿	K11.302	颌下腺脓肿	K11	K11.3	FALSE		diagnosis	Abscess of salivary gland	Diseases of salivary glands	Abscess of salivary gland	MEDIUM	K11.3	Abscess of salivary gland	Abscess of salivary gland	Submandibular gland abscess	CLINICAL_STANDARD	DENTAL_TERMINOLOGY
11 K00-K93 消化系统疾病	K00-K14 口腔、涎腺和颌疾病	K11	涎腺疾病	K11.3	涎腺脓肿	K11.303	舌下腺脓肿	K11	K11.3	FALSE		diagnosis	Abscess of salivary gland	Diseases of salivary glands	Abscess of salivary gland	MEDIUM	K11.3	Abscess of salivary gland	Abscess of salivary gland	Sublingual gland abscess	CLINICAL_STANDARD	DENTAL_TERMINOLOGY
11 K00-K93 消化系统疾病	K00-K14 口腔、涎腺和颌疾病	K11	涎腺疾病	K11.4	涎腺瘘	K11.400	涎腺瘘	K11	K11.4	FALSE		diagnosis	Fistula of salivary gland	Diseases of salivary glands	Fistula of salivary gland	HIGH	K11.4	Fistula of salivary gland	Fistula of salivary gland	Fistula of salivary gland	WHO_EXACT	WHO_ICD10
11 K00-K93 消化系统疾病	K00-K14 口腔、涎腺和颌疾病	K11	涎腺疾病	K11.4	涎腺瘘	K11.400x003	唾液导管瘘	K11	K11.400	TRUE	003	subtype	Fistula of salivary gland	Diseases of salivary glands	Fistula of salivary gland	LOW	K11.4	Fistula of salivary gland	Fistula of salivary gland	Salivary duct fistula	LOCAL_SUBTYPE_TRANSLATION	DENTAL_TERMINOLOGY
11 K00-K93 消化系统疾病	K00-K14 口腔、涎腺和颌疾病	K11	涎腺疾病	K11.4	涎腺瘘	K11.401	腮腺瘘	K11	K11.4	FALSE		diagnosis	Fistula of salivary gland	Diseases of salivary glands	Fistula of salivary gland	MEDIUM	K11.4	Fistula of salivary gland	Fistula of salivary gland	Parotid fistula	CLINICAL_STANDARD	DENTAL_TERMINOLOGY
11 K00-K93 消化系统疾病	K00-K14 口腔、涎腺和颌疾病	K11	涎腺疾病	K11.4	涎腺瘘	K11.402	腮腺导管瘘	K11	K11.4	FALSE		diagnosis	Fistula of salivary gland	Diseases of salivary glands	Fistula of salivary gland	MEDIUM	K11.4	Fistula of salivary gland	Fistula of salivary gland	Parotid duct fistula	CLINICAL_STANDARD	DENTAL_TERMINOLOGY
11 K00-K93 消化系统疾病	K00-K14 口腔、涎腺和颌疾病	K11	涎腺疾病	K11.4	涎腺瘘	K11.404	颌下腺瘘	K11	K11.4	FALSE		diagnosis	Fistula of salivary gland	Diseases of salivary glands	Fistula of salivary gland	MEDIUM	K11.4	Fistula of salivary gland	Fistula of salivary gland	Submandibular gland fistula	CLINICAL_STANDARD	DENTAL_TERMINOLOGY
11 K00-K93 消化系统疾病	K00-K14 口腔、涎腺和颌疾病	K11	涎腺疾病	K11.5	涎石病	K11.500	涎石病	K11	K11.5	FALSE		diagnosis	Sialolithiasis	Diseases of salivary glands	Sialolithiasis	HIGH	K11.5	Sialolithiasis	Sialolithiasis	Sialolithiasis	WHO_EXACT	WHO_ICD10
11 K00-K93 消化系统疾病	K00-K14 口腔、涎腺和颌疾病	K11	涎腺疾病	K11.5	涎石病	K11.500x003	舌下管结石	K11	K11.500	TRUE	003	subtype	Sialolithiasis	Diseases of salivary glands	Sialolithiasis	LOW	K11.5	Sialolithiasis	Sialolithiasis	Sublingual duct calculus	LOCAL_SUBTYPE_TRANSLATION	DENTAL_TERMINOLOGY
11 K00-K93 消化系统疾病	K00-K14 口腔、涎腺和颌疾病	K11	涎腺疾病	K11.5	涎石病	K11.500x005	唾液腺导管结石	K11	K11.500	TRUE	005	subtype	Sialolithiasis	Diseases of salivary glands	Sialolithiasis	LOW	K11.5	Sialolithiasis	Sialolithiasis	Salivary gland duct calculus	LOCAL_SUBTYPE_TRANSLATION	DENTAL_TERMINOLOGY
11 K00-K93 消化系统疾病	K00-K14 口腔、涎腺和颌疾病	K11	涎腺疾病	K11.5	涎石病	K11.501	腮腺导管结石	K11	K11.5	FALSE		diagnosis	Sialolithiasis	Diseases of salivary glands	Sialolithiasis	MEDIUM	K11.5	Sialolithiasis	Sialolithiasis	Parotid duct calculus	CLINICAL_STANDARD	DENTAL_TERMINOLOGY
11 K00-K93 消化系统疾病	K00-K14 口腔、涎腺和颌疾病	K11	涎腺疾病	K11.5	涎石病	K11.503	颌下腺导管结石	K11	K11.5	FALSE		diagnosis	Sialolithiasis	Diseases of salivary glands	Sialolithiasis	MEDIUM	K11.5	Sialolithiasis	Sialolithiasis	Submandibular duct calculus	CLINICAL_STANDARD	DENTAL_TERMINOLOGY
11 K00-K93 消化系统疾病	K00-K14 口腔、涎腺和颌疾病	K11	涎腺疾病	K11.6	涎腺粘液囊肿	K11.600	涎腺黏液囊肿	K11	K11.6	FALSE		diagnosis	Mucocele of salivary gland	Diseases of salivary glands	Mucocele of salivary gland	HIGH	K11.6	Mucocele of salivary gland	Mucocele of salivary gland	Mucocele of salivary gland	WHO_EXACT	WHO_ICD10
11 K00-K93 消化系统疾病	K00-K14 口腔、涎腺和颌疾病	K11	涎腺疾病	K11.6	涎腺粘液囊肿	K11.600x005	口腔黏膜粘液囊肿	K11	K11.600	TRUE	005	subtype	Mucocele of salivary gland	Diseases of salivary glands	Mucocele of salivary gland	LOW	K11.6	Mucocele of salivary gland	Mucocele of salivary gland	Mucocele of oral mucosa	LOCAL_SUBTYPE_TRANSLATION	DENTAL_TERMINOLOGY
11 K00-K93 消化系统疾病	K00-K14 口腔、涎腺和颌疾病	K11	涎腺疾病	K11.6	涎腺粘液囊肿	K11.600x008	舌下腺粘液囊肿	K11	K11.600	TRUE	008	subtype	Mucocele of salivary gland	Diseases of salivary glands	Mucocele of salivary gland	LOW	K11.6	Mucocele of salivary gland	Mucocele of salivary gland	Mucocele of sublingual gland	LOCAL_SUBTYPE_TRANSLATION	DENTAL_TERMINOLOGY
11 K00-K93 消化系统疾病	K00-K14 口腔、涎腺和颌疾病	K11	涎腺疾病	K11.6	涎腺粘液囊肿	K11.601	腮腺囊肿	K11	K11.6	FALSE		diagnosis	Mucocele of salivary gland	Diseases of salivary glands	Mucocele of salivary gland	MEDIUM	K11.6	Mucocele of salivary gland	Mucocele of salivary gland	Parotid cyst	CLINICAL_STANDARD	DENTAL_TERMINOLOGY
11 K00-K93 消化系统疾病	K00-K14 口腔、涎腺和颌疾病	K11	涎腺疾病	K11.6	涎腺粘液囊肿	K11.602	腮腺涎液潴留	K11	K11.6	FALSE		diagnosis	Mucocele of salivary gland	Diseases of salivary glands	Mucocele of salivary gland	MEDIUM	K11.6	Mucocele of salivary gland	Mucocele of salivary gland	Salivary retention of parotid gland	CLINICAL_STANDARD	DENTAL_TERMINOLOGY
11 K00-K93 消化系统疾病	K00-K14 口腔、涎腺和颌疾病	K11	涎腺疾病	K11.6	涎腺粘液囊肿	K11.603	舌下腺囊肿	K11	K11.6	FALSE		diagnosis	Mucocele of salivary gland	Diseases of salivary glands	Mucocele of salivary gland	MEDIUM	K11.6	Mucocele of salivary gland	Mucocele of salivary gland	Sublingual gland cyst	CLINICAL_STANDARD	DENTAL_TERMINOLOGY
11 K00-K93 消化系统疾病	K00-K14 口腔、涎腺和颌疾病	K11	涎腺疾病	K11.6	涎腺粘液囊肿	K11.604	舌下囊肿	K11	K11.6	FALSE		diagnosis	Mucocele of salivary gland	Diseases of salivary glands	Mucocele of salivary gland	MEDIUM	K11.6	Mucocele of salivary gland	Mucocele of salivary gland	Ranula	CLINICAL_STANDARD	DENTAL_TERMINOLOGY
11 K00-K93 消化系统疾病	K00-K14 口腔、涎腺和颌疾病	K11	涎腺疾病	K11.6	涎腺粘液囊肿	K11.605	颌下腺囊肿	K11	K11.6	FALSE		diagnosis	Mucocele of salivary gland	Diseases of salivary glands	Mucocele of salivary gland	MEDIUM	K11.6	Mucocele of salivary gland	Mucocele of salivary gland	Submandibular gland cyst	CLINICAL_STANDARD	DENTAL_TERMINOLOGY
11 K00-K93 消化系统疾病	K00-K14 口腔、涎腺和颌疾病	K11	涎腺疾病	K11.6	涎腺粘液囊肿	K11.606	颌下腺黏液囊肿	K11	K11.6	FALSE		diagnosis	Mucocele of salivary gland	Diseases of salivary glands	Mucocele of salivary gland	MEDIUM	K11.6	Mucocele of salivary gland	Mucocele of salivary gland	Mucocele of submandibular gland	CLINICAL_STANDARD	DENTAL_TERMINOLOGY
11 K00-K93 消化系统疾病	K00-K14 口腔、涎腺和颌疾病	K11	涎腺疾病	K11.7	唾液分泌障碍	K11.700	唾液分泌障碍	K11	K11.7	FALSE		diagnosis	Disturbances of salivary secretion	Diseases of salivary glands	Disturbances of salivary secretion	HIGH	K11.7	Disturbances of salivary secretion	Disturbances of salivary secretion	Disturbances of salivary secretion	WHO_EXACT	WHO_ICD10
11 K00-K93 消化系统疾病	K00-K14 口腔、涎腺和颌疾病	K11	涎腺疾病	K11.7	唾液分泌障碍	K11.700x001	唾液分泌紊乱	K11	K11.700	TRUE	001	subtype	Disturbances of salivary secretion	Diseases of salivary glands	Disturbances of salivary secretion	LOW	K11.7	Disturbances of salivary secretion	Disturbances of salivary secretion	Disturbance of salivary secretion	LOCAL_SUBTYPE_TRANSLATION	DENTAL_TERMINOLOGY
11 K00-K93 消化系统疾病	K00-K14 口腔、涎腺和颌疾病	K11	涎腺疾病	K11.7	唾液分泌障碍	K11.700x002	唾液分泌过少	K11	K11.700	TRUE	002	subtype	Disturbances of salivary secretion	Diseases of salivary glands	Disturbances of salivary secretion	LOW	K11.7	Disturbances of salivary secretion	Disturbances of salivary secretion	Hyposalivation	LOCAL_SUBTYPE_TRANSLATION	DENTAL_TERMINOLOGY
11 K00-K93 消化系统疾病	K00-K14 口腔、涎腺和颌疾病	K11	涎腺疾病	K11.7	唾液分泌障碍	K11.700x003	流涎症	K11	K11.700	TRUE	003	subtype	Disturbances of salivary secretion	Diseases of salivary glands	Disturbances of salivary secretion	LOW	K11.7	Disturbances of salivary secretion	Disturbances of salivary secretion	Sialorrhea	LOCAL_SUBTYPE_TRANSLATION	DENTAL_TERMINOLOGY
11 K00-K93 消化系统疾病	K00-K14 口腔、涎腺和颌疾病	K11	涎腺疾病	K11.7	唾液分泌障碍	K11.701	口干燥症	K11	K11.7	FALSE		diagnosis	Disturbances of salivary secretion	Diseases of salivary glands	Disturbances of salivary secretion	MEDIUM	K11.7	Disturbances of salivary secretion	Disturbances of salivary secretion	Xerostomia	CLINICAL_STANDARD	DENTAL_TERMINOLOGY
11 K00-K93 消化系统疾病	K00-K14 口腔、涎腺和颌疾病	K11	涎腺疾病	K11.8	涎腺的其他疾病	K11.800	涎腺的其他疾病	K11	K11.8	FALSE		diagnosis	Other diseases of salivary glands	Diseases of salivary glands	Other diseases of salivary glands	HIGH	K11.8	Other diseases of salivary glands	Other diseases of salivary glands	Other diseases of salivary glands	WHO_EXACT	WHO_ICD10
11 K00-K93 消化系统疾病	K00-K14 口腔、涎腺和颌疾病	K11	涎腺疾病	K11.8	涎腺的其他疾病	K11.800x002	腮腺唾液潴留	K11	K11.800	TRUE	002	subtype	Other diseases of salivary glands	Diseases of salivary glands	Other diseases of salivary glands	LOW	K11.8	Other diseases of salivary glands	Other diseases of salivary glands	Salivary retention of parotid gland	LOCAL_SUBTYPE_TRANSLATION	DENTAL_TERMINOLOGY
11 K00-K93 消化系统疾病	K00-K14 口腔、涎腺和颌疾病	K11	涎腺疾病	K11.8	涎腺的其他疾病	K11.800x006	坏死性唾液腺化生	K11	K11.800	TRUE	006	subtype	Other diseases of salivary glands	Diseases of salivary glands	Other diseases of salivary glands	LOW	K11.8	Other diseases of salivary glands	Other diseases of salivary glands	Necrotizing sialometaplasia	LOCAL_SUBTYPE_TRANSLATION	DENTAL_TERMINOLOGY
11 K00-K93 消化系统疾病	K00-K14 口腔、涎腺和颌疾病	K11	涎腺疾病	K11.8	涎腺的其他疾病	K11.800x007	唾液腺肉芽肿	K11	K11.800	TRUE	007	subtype	Other diseases of salivary glands	Diseases of salivary glands	Other diseases of salivary glands	LOW	K11.8	Other diseases of salivary glands	Other diseases of salivary glands	Granuloma of salivary gland	LOCAL_SUBTYPE_TRANSLATION	DENTAL_TERMINOLOGY
11 K00-K93 消化系统疾病	K00-K14 口腔、涎腺和颌疾病	K11	涎腺疾病	K11.8	涎腺的其他疾病	K11.800x010	腮腺结节病	K11	K11.800	TRUE	010	subtype	Other diseases of salivary glands	Diseases of salivary glands	Other diseases of salivary glands	LOW	K11.8	Other diseases of salivary glands	Other diseases of salivary glands	Sarcoidosis of parotid gland	LOCAL_SUBTYPE_TRANSLATION	DENTAL_TERMINOLOGY
11 K00-K93 消化系统疾病	K00-K14 口腔、涎腺和颌疾病	K11	涎腺疾病	K11.8	涎腺的其他疾病	K11.801	涎腺管狭窄	K11	K11.8	FALSE		diagnosis	Other diseases of salivary glands	Diseases of salivary glands	Other diseases of salivary glands	MEDIUM	K11.8	Other diseases of salivary glands	Other diseases of salivary glands	Stenosis of salivary duct	CLINICAL_STANDARD	DENTAL_TERMINOLOGY
11 K00-K93 消化系统疾病	K00-K14 口腔、涎腺和颌疾病	K11	涎腺疾病	K11.8	涎腺的其他疾病	K11.802	米库利奇病	K11	K11.8	FALSE		diagnosis	Other diseases of salivary glands	Diseases of salivary glands	Other diseases of salivary glands	MEDIUM	K11.8	Other diseases of salivary glands	Other diseases of salivary glands	Mikulicz disease	CLINICAL_STANDARD	DENTAL_TERMINOLOGY
11 K00-K93 消化系统疾病	K00-K14 口腔、涎腺和颌疾病	K11	涎腺疾病	K11.8	涎腺的其他疾病	K11.803	腮腺管扩张	K11	K11.8	FALSE		diagnosis	Other diseases of salivary glands	Diseases of salivary glands	Other diseases of salivary glands	MEDIUM	K11.8	Other diseases of salivary glands	Other diseases of salivary glands	Dilatation of parotid duct	CLINICAL_STANDARD	DENTAL_TERMINOLOGY
11 K00-K93 消化系统疾病	K00-K14 口腔、涎腺和颌疾病	K11	涎腺疾病	K11.8	涎腺的其他疾病	K11.804	腮腺肉芽肿	K11	K11.8	FALSE		diagnosis	Other diseases of salivary glands	Diseases of salivary glands	Other diseases of salivary glands	MEDIUM	K11.8	Other diseases of salivary glands	Other diseases of salivary glands	Granuloma of parotid gland	CLINICAL_STANDARD	DENTAL_TERMINOLOGY
11 K00-K93 消化系统疾病	K00-K14 口腔、涎腺和颌疾病	K11	涎腺疾病	K11.8	涎腺的其他疾病	K11.805	涎腺良性淋巴上皮损害	K11	K11.8	FALSE		diagnosis	Other diseases of salivary glands	Diseases of salivary glands	Other diseases of salivary glands	MEDIUM	K11.8	Other diseases of salivary glands	Other diseases of salivary glands	Benign lymphoepithelial lesion of salivary gland	CLINICAL_STANDARD	DENTAL_TERMINOLOGY
11 K00-K93 消化系统疾病	K00-K14 口腔、涎腺和颌疾病	K11	涎腺疾病	K11.8	涎腺的其他疾病	K11.806	涎腺管扩张	K11	K11.8	FALSE		diagnosis	Other diseases of salivary glands	Diseases of salivary glands	Other diseases of salivary glands	MEDIUM	K11.8	Other diseases of salivary glands	Other diseases of salivary glands	Dilatation of salivary duct	CLINICAL_STANDARD	DENTAL_TERMINOLOGY
11 K00-K93 消化系统疾病	K00-K14 口腔、涎腺和颌疾病	K11	涎腺疾病	K11.8	涎腺的其他疾病	K11.807	涎腺导管阻塞	K11	K11.8	FALSE		diagnosis	Other diseases of salivary glands	Diseases of salivary glands	Other diseases of salivary glands	MEDIUM	K11.8	Other diseases of salivary glands	Other diseases of salivary glands	Obstruction of salivary duct	CLINICAL_STANDARD	DENTAL_TERMINOLOGY
11 K00-K93 消化系统疾病	K00-K14 口腔、涎腺和颌疾病	K11	涎腺疾病	K11.9	涎腺未特指的疾病	K11.900	涎腺疾病	K11	K11.9	FALSE		diagnosis	Disease of salivary gland, unspecified	Diseases of salivary glands	Disease of salivary gland, unspecified	HIGH	K11.9	Disease of salivary gland, unspecified	Disease of salivary gland, unspecified	Disease of salivary gland, unspecified	WHO_EXACT	WHO_ICD10
11 K00-K93 消化系统疾病	K00-K14 口腔、涎腺和颌疾病	K11	涎腺疾病	K11.9	涎腺未特指的疾病	K11.900x004	唾液腺病	K11	K11.900	TRUE	004	subtype	Disease of salivary gland, unspecified	Diseases of salivary glands	Disease of salivary gland, unspecified	LOW	K11.9	Disease of salivary gland, unspecified	Disease of salivary gland, unspecified	Sialadenosis	LOCAL_SUBTYPE_TRANSLATION	DENTAL_TERMINOLOGY
11 K00-K93 消化系统疾病	K00-K14 口腔、涎腺和颌疾病	K11	涎腺疾病	K11.9	涎腺未特指的疾病	K11.901	腮腺区肿物	K11	K11.9	FALSE		diagnosis	Disease of salivary gland, unspecified	Diseases of salivary glands	Disease of salivary gland, unspecified	MEDIUM	K11.9	Disease of salivary gland, unspecified	Disease of salivary gland, unspecified	Disease of salivary gland, unspecified	WHO_PARENT_INHERITED	WHO_ICD10
11 K00-K93 消化系统疾病	K00-K14 口腔、涎腺和颌疾病	K11	涎腺疾病	K11.9	涎腺未特指的疾病	K11.902	涎腺肿物	K11	K11.9	FALSE		diagnosis	Disease of salivary gland, unspecified	Diseases of salivary glands	Disease of salivary gland, unspecified	MEDIUM	K11.9	Disease of salivary gland, unspecified	Disease of salivary gland, unspecified	mass of salivary gland	CLINICAL_TRANSLATION	CLINICAL_TRANSLATION
11 K00-K93 消化系统疾病	K00-K14 口腔、涎腺和颌疾病	K11	涎腺疾病	K11.9	涎腺未特指的疾病	K11.903	颌下腺肿物	K11	K11.9	FALSE		diagnosis	Disease of salivary gland, unspecified	Diseases of salivary glands	Disease of salivary gland, unspecified	MEDIUM	K11.9	Disease of salivary gland, unspecified	Disease of salivary gland, unspecified	mass of submandibular gland	CLINICAL_TRANSLATION	CLINICAL_TRANSLATION
11 K00-K93 消化系统疾病	K00-K14 口腔、涎腺和颌疾病	K12	口炎和有关损害	K12.0	复发性口腔阿弗他溃疡	K12.000	复发性口腔阿弗他溃疡	K12	K12.0	FALSE		diagnosis	Recurrent oral aphthae	Stomatitis and related lesions	Recurrent oral aphthae	HIGH	K12.0	Recurrent oral aphthae	Recurrent oral aphthae	Recurrent oral aphthae	WHO_EXACT	WHO_ICD10
11 K00-K93 消化系统疾病	K00-K14 口腔、涎腺和颌疾病	K12	口炎和有关损害	K12.0	复发性口腔阿弗他溃疡	K12.000x001	轻型阿弗他溃疡	K12	K12.000	TRUE	001	subtype	Recurrent oral aphthae	Stomatitis and related lesions	Recurrent oral aphthae	LOW	K12.0	Recurrent oral aphthae	Recurrent oral aphthae	Minor aphthous ulcer	LOCAL_SUBTYPE_TRANSLATION	DENTAL_TERMINOLOGY
11 K00-K93 消化系统疾病	K00-K14 口腔、涎腺和颌疾病	K12	口炎和有关损害	K12.0	复发性口腔阿弗他溃疡	K12.001	复发性坏死性黏膜腺周炎	K12	K12.0	FALSE		diagnosis	Recurrent oral aphthae	Stomatitis and related lesions	Recurrent oral aphthae	MEDIUM	K12.0	Recurrent oral aphthae	Recurrent oral aphthae	Recurrent necrotizing mucous gland periadenitis	CLINICAL_STANDARD	DENTAL_TERMINOLOGY
11 K00-K93 消化系统疾病	K00-K14 口腔、涎腺和颌疾病	K12	口炎和有关损害	K12.0	复发性口腔阿弗他溃疡	K12.002	口腔阿弗他溃疡	K12	K12.0	FALSE		diagnosis	Recurrent oral aphthae	Stomatitis and related lesions	Recurrent oral aphthae	MEDIUM	K12.0	Recurrent oral aphthae	Recurrent oral aphthae	Oral aphthous ulcer	CLINICAL_STANDARD	DENTAL_TERMINOLOGY
11 K00-K93 消化系统疾病	K00-K14 口腔、涎腺和颌疾病	K12	口炎和有关损害	K12.0	复发性口腔阿弗他溃疡	K12.003	疱疹样口炎	K12	K12.0	FALSE		diagnosis	Recurrent oral aphthae	Stomatitis and related lesions	Recurrent oral aphthae	MEDIUM	K12.0	Recurrent oral aphthae	Recurrent oral aphthae	Herpetiform stomatitis	CLINICAL_STANDARD	DENTAL_TERMINOLOGY
11 K00-K93 消化系统疾病	K00-K14 口腔、涎腺和颌疾病	K12	口炎和有关损害	K12.1	其他形式的口炎	K12.100	口炎，其他形式的	K12	K12.1	FALSE		diagnosis	Other forms of stomatitis	Stomatitis and related lesions	Other forms of stomatitis	HIGH	K12.1	Other forms of stomatitis	Other forms of stomatitis	Other forms of stomatitis	WHO_EXACT	WHO_ICD10
11 K00-K93 消化系统疾病	K00-K14 口腔、涎腺和颌疾病	K12	口炎和有关损害	K12.1	其他形式的口炎	K12.100x002	过敏性口炎	K12	K12.100	TRUE	002	subtype	Other forms of stomatitis	Stomatitis and related lesions	Other forms of stomatitis	LOW	K12.1	Other forms of stomatitis	Other forms of stomatitis	Allergic stomatitis	LOCAL_SUBTYPE_TRANSLATION	DENTAL_TERMINOLOGY
11 K00-K93 消化系统疾病	K00-K14 口腔、涎腺和颌疾病	K12	口炎和有关损害	K12.1	其他形式的口炎	K12.100x011	尼古丁口炎	K12	K12.100	TRUE	011	subtype	Other forms of stomatitis	Stomatitis and related lesions	Other forms of stomatitis	LOW	K12.1	Other forms of stomatitis	Other forms of stomatitis	Nicotine stomatitis	LOCAL_SUBTYPE_TRANSLATION	DENTAL_TERMINOLOGY
11 K00-K93 消化系统疾病	K00-K14 口腔、涎腺和颌疾病	K12	口炎和有关损害	K12.1	其他形式的口炎	K12.100x012	药物性口炎	K12	K12.100	TRUE	012	subtype	Other forms of stomatitis	Stomatitis and related lesions	Other forms of stomatitis	LOW	K12.1	Other forms of stomatitis	Other forms of stomatitis	Drug-induced stomatitis	LOCAL_SUBTYPE_TRANSLATION	DENTAL_TERMINOLOGY
11 K00-K93 消化系统疾病	K00-K14 口腔、涎腺和颌疾病	K12	口炎和有关损害	K12.1	其他形式的口炎	K12.100x013	糜烂性口炎	K12	K12.100	TRUE	013	subtype	Other forms of stomatitis	Stomatitis and related lesions	Other forms of stomatitis	LOW	K12.1	Other forms of stomatitis	Other forms of stomatitis	Erosive stomatitis	LOCAL_SUBTYPE_TRANSLATION	DENTAL_TERMINOLOGY
11 K00-K93 消化系统疾病	K00-K14 口腔、涎腺和颌疾病	K12	口炎和有关损害	K12.1	其他形式的口炎	K12.101	创伤性口腔黏膜溃疡	K12	K12.1	FALSE		diagnosis	Other forms of stomatitis	Stomatitis and related lesions	Other forms of stomatitis	MEDIUM	K12.1	Other forms of stomatitis	Other forms of stomatitis	Traumatic ulcer of oral mucosa	CLINICAL_STANDARD	DENTAL_TERMINOLOGY
11 K00-K93 消化系统疾病	K00-K14 口腔、涎腺和颌疾病	K12	口炎和有关损害	K12.1	其他形式的口炎	K12.102	腭部溃疡	K12	K12.1	FALSE		diagnosis	Other forms of stomatitis	Stomatitis and related lesions	Other forms of stomatitis	MEDIUM	K12.1	Other forms of stomatitis	Other forms of stomatitis	Palatal ulcer	CLINICAL_STANDARD	DENTAL_TERMINOLOGY
11 K00-K93 消化系统疾病	K00-K14 口腔、涎腺和颌疾病	K12	口炎和有关损害	K12.1	其他形式的口炎	K12.103	腭溃疡穿孔	K12	K12.1	FALSE		diagnosis	Other forms of stomatitis	Stomatitis and related lesions	Other forms of stomatitis	MEDIUM	K12.1	Other forms of stomatitis	Other forms of stomatitis	Perforated palatal ulcer	CLINICAL_STANDARD	DENTAL_TERMINOLOGY
11 K00-K93 消化系统疾病	K00-K14 口腔、涎腺和颌疾病	K12	口炎和有关损害	K12.1	其他形式的口炎	K12.105	腭部炎性假瘤	K12	K12.1	FALSE		diagnosis	Other forms of stomatitis	Stomatitis and related lesions	Other forms of stomatitis	MEDIUM	K12.1	Other forms of stomatitis	Other forms of stomatitis	Inflammatory pseudotumor of palate	CLINICAL_STANDARD	DENTAL_TERMINOLOGY
11 K00-K93 消化系统疾病	K00-K14 口腔、涎腺和颌疾病	K12	口炎和有关损害	K12.1	其他形式的口炎	K12.106	变应性口炎	K12	K12.1	FALSE		diagnosis	Other forms of stomatitis	Stomatitis and related lesions	Other forms of stomatitis	MEDIUM	K12.1	Other forms of stomatitis	Other forms of stomatitis	Allergic stomatitis	CLINICAL_STANDARD	DENTAL_TERMINOLOGY
11 K00-K93 消化系统疾病	K00-K14 口腔、涎腺和颌疾病	K12	口炎和有关损害	K12.1	其他形式的口炎	K12.107	溃疡性口炎	K12	K12.1	FALSE		diagnosis	Other forms of stomatitis	Stomatitis and related lesions	Other forms of stomatitis	MEDIUM	K12.1	Other forms of stomatitis	Other forms of stomatitis	Ulcerative stomatitis	CLINICAL_STANDARD	DENTAL_TERMINOLOGY
11 K00-K93 消化系统疾病	K00-K14 口腔、涎腺和颌疾病	K12	口炎和有关损害	K12.1	其他形式的口炎	K12.108	义齿性口炎	K12	K12.1	FALSE		diagnosis	Other forms of stomatitis	Stomatitis and related lesions	Other forms of stomatitis	MEDIUM	K12.1	Other forms of stomatitis	Other forms of stomatitis	Denture stomatitis	CLINICAL_STANDARD	DENTAL_TERMINOLOGY
11 K00-K93 消化系统疾病	K00-K14 口腔、涎腺和颌疾病	K12	口炎和有关损害	K12.1	其他形式的口炎	K12.109	口腔黏膜溃疡	K12	K12.1	FALSE		diagnosis	Other forms of stomatitis	Stomatitis and related lesions	Other forms of stomatitis	MEDIUM	K12.1	Other forms of stomatitis	Other forms of stomatitis	Ulcer of oral mucosa	CLINICAL_STANDARD	DENTAL_TERMINOLOGY
11 K00-K93 消化系统疾病	K00-K14 口腔、涎腺和颌疾病	K12	口炎和有关损害	K12.1	其他形式的口炎	K12.110	口底炎性假瘤	K12	K12.1	FALSE		diagnosis	Other forms of stomatitis	Stomatitis and related lesions	Other forms of stomatitis	MEDIUM	K12.1	Other forms of stomatitis	Other forms of stomatitis	Inflammatory pseudotumor of floor of mouth	CLINICAL_STANDARD	DENTAL_TERMINOLOGY
11 K00-K93 消化系统疾病	K00-K14 口腔、涎腺和颌疾病	K12	口炎和有关损害	K12.1	其他形式的口炎	K12.111	口腔感染	K12	K12.1	FALSE		diagnosis	Other forms of stomatitis	Stomatitis and related lesions	Other forms of stomatitis	MEDIUM	K12.1	Other forms of stomatitis	Other forms of stomatitis	Oral infection	CLINICAL_STANDARD	DENTAL_TERMINOLOGY
11 K00-K93 消化系统疾病	K00-K14 口腔、涎腺和颌疾病	K12	口炎和有关损害	K12.1	其他形式的口炎	K12.112	口腔炎	K12	K12.1	FALSE		diagnosis	Other forms of stomatitis	Stomatitis and related lesions	Other forms of stomatitis	MEDIUM	K12.1	Other forms of stomatitis	Other forms of stomatitis	Stomatitis	CLINICAL_STANDARD	DENTAL_TERMINOLOGY
11 K00-K93 消化系统疾病	K00-K14 口腔、涎腺和颌疾病	K12	口炎和有关损害	K12.1	其他形式的口炎	K12.114	小疱性口炎	K12	K12.1	FALSE		diagnosis	Other forms of stomatitis	Stomatitis and related lesions	Other forms of stomatitis	MEDIUM	K12.1	Other forms of stomatitis	Other forms of stomatitis	Vesicular stomatitis	CLINICAL_STANDARD	DENTAL_TERMINOLOGY
11 K00-K93 消化系统疾病	K00-K14 口腔、涎腺和颌疾病	K12	口炎和有关损害	K12.1	其他形式的口炎	K12.115	颊溃疡	K12	K12.1	FALSE		diagnosis	Other forms of stomatitis	Stomatitis and related lesions	Other forms of stomatitis	MEDIUM	K12.1	Other forms of stomatitis	Other forms of stomatitis	Buccal ulcer	CLINICAL_STANDARD	DENTAL_TERMINOLOGY
11 K00-K93 消化系统疾病	K00-K14 口腔、涎腺和颌疾病	K12	口炎和有关损害	K12.1	其他形式的口炎	K12.116	口腔炎性肿块	K12	K12.1	FALSE		diagnosis	Other forms of stomatitis	Stomatitis and related lesions	Other forms of stomatitis	MEDIUM	K12.1	Other forms of stomatitis	Other forms of stomatitis	Inflammatory mass of oral cavity	CLINICAL_STANDARD	DENTAL_TERMINOLOGY
11 K00-K93 消化系统疾病	K00-K14 口腔、涎腺和颌疾病	K12	口炎和有关损害	K12.1	其他形式的口炎	K12.117	上腭炎性肿物	K12	K12.1	FALSE		diagnosis	Other forms of stomatitis	Stomatitis and related lesions	Other forms of stomatitis	MEDIUM	K12.1	Other forms of stomatitis	Other forms of stomatitis	Inflammatory mass of palate	CLINICAL_STANDARD	DENTAL_TERMINOLOGY
11 K00-K93 消化系统疾病	K00-K14 口腔、涎腺和颌疾病	K12	口炎和有关损害	K12.2	口蜂窝织炎和脓肿	K12.200	口蜂窝织炎和脓肿	K12	K12.2	FALSE		diagnosis	Cellulitis and abscess of mouth	Stomatitis and related lesions	Cellulitis and abscess of mouth	HIGH	K12.2	Cellulitis and abscess of mouth	Cellulitis and abscess of mouth	Cellulitis and abscess of mouth	WHO_EXACT	WHO_ICD10
11 K00-K93 消化系统疾病	K00-K14 口腔、涎腺和颌疾病	K12	口炎和有关损害	K12.2	口蜂窝织炎和脓肿	K12.200x003	颏下间隙感染	K12	K12.200	TRUE	003	subtype	Cellulitis and abscess of mouth	Stomatitis and related lesions	Cellulitis and abscess of mouth	LOW	K12.2	Cellulitis and abscess of mouth	Cellulitis and abscess of mouth	Submental space infection	LOCAL_SUBTYPE_TRANSLATION	DENTAL_TERMINOLOGY
11 K00-K93 消化系统疾病	K00-K14 口腔、涎腺和颌疾病	K12	口炎和有关损害	K12.2	口蜂窝织炎和脓肿	K12.200x011	口底多间隙感染	K12	K12.200	TRUE	011	subtype	Cellulitis and abscess of mouth	Stomatitis and related lesions	Cellulitis and abscess of mouth	LOW	K12.2	Cellulitis and abscess of mouth	Cellulitis and abscess of mouth	Multiple space infection of floor of mouth	LOCAL_SUBTYPE_TRANSLATION	DENTAL_TERMINOLOGY
11 K00-K93 消化系统疾病	K00-K14 口腔、涎腺和颌疾病	K12	口炎和有关损害	K12.2	口蜂窝织炎和脓肿	K12.200x012	颌下感染	K12	K12.200	TRUE	012	subtype	Cellulitis and abscess of mouth	Stomatitis and related lesions	Cellulitis and abscess of mouth	LOW	K12.2	Cellulitis and abscess of mouth	Cellulitis and abscess of mouth	Submandibular infection	LOCAL_SUBTYPE_TRANSLATION	DENTAL_TERMINOLOGY
11 K00-K93 消化系统疾病	K00-K14 口腔、涎腺和颌疾病	K12	口炎和有关损害	K12.2	口蜂窝织炎和脓肿	K12.200x017	口腔内脓肿	K12	K12.200	TRUE	017	subtype	Cellulitis and abscess of mouth	Stomatitis and related lesions	Cellulitis and abscess of mouth	LOW	K12.2	Cellulitis and abscess of mouth	Cellulitis and abscess of mouth	Intraoral abscess	LOCAL_SUBTYPE_TRANSLATION	DENTAL_TERMINOLOGY
11 K00-K93 消化系统疾病	K00-K14 口腔、涎腺和颌疾病	K12	口炎和有关损害	K12.2	口蜂窝织炎和脓肿	K12.200x018	软腭脓肿	K12	K12.200	TRUE	018	subtype	Cellulitis and abscess of mouth	Stomatitis and related lesions	Cellulitis and abscess of mouth	LOW	K12.2	Cellulitis and abscess of mouth	Cellulitis and abscess of mouth	Abscess of soft palate	LOCAL_SUBTYPE_TRANSLATION	DENTAL_TERMINOLOGY
11 K00-K93 消化系统疾病	K00-K14 口腔、涎腺和颌疾病	K12	口炎和有关损害	K12.2	口蜂窝织炎和脓肿	K12.200x019	硬腭脓肿	K12	K12.200	TRUE	019	subtype	Cellulitis and abscess of mouth	Stomatitis and related lesions	Cellulitis and abscess of mouth	LOW	K12.2	Cellulitis and abscess of mouth	Cellulitis and abscess of mouth	Abscess of hard palate	LOCAL_SUBTYPE_TRANSLATION	DENTAL_TERMINOLOGY
11 K00-K93 消化系统疾病	K00-K14 口腔、涎腺和颌疾病	K12	口炎和有关损害	K12.2	口蜂窝织炎和脓肿	K12.201	口腔脓肿	K12	K12.2	FALSE		diagnosis	Cellulitis and abscess of mouth	Stomatitis and related lesions	Cellulitis and abscess of mouth	MEDIUM	K12.2	Cellulitis and abscess of mouth	Cellulitis and abscess of mouth	Oral abscess	CLINICAL_STANDARD	DENTAL_TERMINOLOGY
11 K00-K93 消化系统疾病	K00-K14 口腔、涎腺和颌疾病	K12	口炎和有关损害	K12.2	口蜂窝织炎和脓肿	K12.202	颌下间隙感染	K12	K12.2	FALSE		diagnosis	Cellulitis and abscess of mouth	Stomatitis and related lesions	Cellulitis and abscess of mouth	MEDIUM	K12.2	Cellulitis and abscess of mouth	Cellulitis and abscess of mouth	Submandibular space infection	CLINICAL_STANDARD	DENTAL_TERMINOLOGY
11 K00-K93 消化系统疾病	K00-K14 口腔、涎腺和颌疾病	K12	口炎和有关损害	K12.2	口蜂窝织炎和脓肿	K12.203	颊部脓肿	K12	K12.2	FALSE		diagnosis	Cellulitis and abscess of mouth	Stomatitis and related lesions	Cellulitis and abscess of mouth	MEDIUM	K12.2	Cellulitis and abscess of mouth	Cellulitis and abscess of mouth	Buccal abscess	CLINICAL_STANDARD	DENTAL_TERMINOLOGY
11 K00-K93 消化系统疾病	K00-K14 口腔、涎腺和颌疾病	K12	口炎和有关损害	K12.2	口蜂窝织炎和脓肿	K12.204	颊间隙感染	K12	K12.2	FALSE		diagnosis	Cellulitis and abscess of mouth	Stomatitis and related lesions	Cellulitis and abscess of mouth	MEDIUM	K12.2	Cellulitis and abscess of mouth	Cellulitis and abscess of mouth	Buccal space infection	CLINICAL_STANDARD	DENTAL_TERMINOLOGY
11 K00-K93 消化系统疾病	K00-K14 口腔、涎腺和颌疾病	K12	口炎和有关损害	K12.2	口蜂窝织炎和脓肿	K12.205	颊瘘	K12	K12.2	FALSE		diagnosis	Cellulitis and abscess of mouth	Stomatitis and related lesions	Cellulitis and abscess of mouth	MEDIUM	K12.2	Cellulitis and abscess of mouth	Cellulitis and abscess of mouth	Buccal fistula	CLINICAL_STANDARD	DENTAL_TERMINOLOGY
11 K00-K93 消化系统疾病	K00-K14 口腔、涎腺和颌疾病	K12	口炎和有关损害	K12.2	口蜂窝织炎和脓肿	K12.206	腭瘘	K12	K12.2	FALSE		diagnosis	Cellulitis and abscess of mouth	Stomatitis and related lesions	Cellulitis and abscess of mouth	MEDIUM	K12.2	Cellulitis and abscess of mouth	Cellulitis and abscess of mouth	Palatal fistula	CLINICAL_STANDARD	DENTAL_TERMINOLOGY
11 K00-K93 消化系统疾病	K00-K14 口腔、涎腺和颌疾病	K12	口炎和有关损害	K12.2	口蜂窝织炎和脓肿	K12.207	颌下瘘管	K12	K12.2	FALSE		diagnosis	Cellulitis and abscess of mouth	Stomatitis and related lesions	Cellulitis and abscess of mouth	MEDIUM	K12.2	Cellulitis and abscess of mouth	Cellulitis and abscess of mouth	Submandibular fistula	CLINICAL_STANDARD	DENTAL_TERMINOLOGY
11 K00-K93 消化系统疾病	K00-K14 口腔、涎腺和颌疾病	K12	口炎和有关损害	K12.2	口蜂窝织炎和脓肿	K12.208	口腔瘘管	K12	K12.2	FALSE		diagnosis	Cellulitis and abscess of mouth	Stomatitis and related lesions	Cellulitis and abscess of mouth	MEDIUM	K12.2	Cellulitis and abscess of mouth	Cellulitis and abscess of mouth	Oral fistula	CLINICAL_STANDARD	DENTAL_TERMINOLOGY
11 K00-K93 消化系统疾病	K00-K14 口腔、涎腺和颌疾病	K12	口炎和有关损害	K12.2	口蜂窝织炎和脓肿	K12.209	口腔皮肤瘘	K12	K12.2	FALSE		diagnosis	Cellulitis and abscess of mouth	Stomatitis and related lesions	Cellulitis and abscess of mouth	MEDIUM	K12.2	Cellulitis and abscess of mouth	Cellulitis and abscess of mouth	Orocutaneous fistula	CLINICAL_STANDARD	DENTAL_TERMINOLOGY
11 K00-K93 消化系统疾病	K00-K14 口腔、涎腺和颌疾病	K12	口炎和有关损害	K12.2	口蜂窝织炎和脓肿	K12.210	眶下间隙感染	K12	K12.2	FALSE		diagnosis	Cellulitis and abscess of mouth	Stomatitis and related lesions	Cellulitis and abscess of mouth	MEDIUM	K12.2	Cellulitis and abscess of mouth	Cellulitis and abscess of mouth	Infraorbital space infection	CLINICAL_STANDARD	DENTAL_TERMINOLOGY
11 K00-K93 消化系统疾病	K00-K14 口腔、涎腺和颌疾病	K12	口炎和有关损害	K12.2	口蜂窝织炎和脓肿	K12.211	颞下间隙感染	K12	K12.2	FALSE		diagnosis	Cellulitis and abscess of mouth	Stomatitis and related lesions	Cellulitis and abscess of mouth	MEDIUM	K12.2	Cellulitis and abscess of mouth	Cellulitis and abscess of mouth	Infratemporal space infection	CLINICAL_STANDARD	DENTAL_TERMINOLOGY
11 K00-K93 消化系统疾病	K00-K14 口腔、涎腺和颌疾病	K12	口炎和有关损害	K12.2	口蜂窝织炎和脓肿	K12.212	舌下间隙感染	K12	K12.2	FALSE		diagnosis	Cellulitis and abscess of mouth	Stomatitis and related lesions	Cellulitis and abscess of mouth	MEDIUM	K12.2	Cellulitis and abscess of mouth	Cellulitis and abscess of mouth	Sublingual space infection	CLINICAL_STANDARD	DENTAL_TERMINOLOGY
11 K00-K93 消化系统疾病	K00-K14 口腔、涎腺和颌疾病	K12	口炎和有关损害	K12.2	口蜂窝织炎和脓肿	K12.213	咬肌间隙感染	K12	K12.2	FALSE		diagnosis	Cellulitis and abscess of mouth	Stomatitis and related lesions	Cellulitis and abscess of mouth	MEDIUM	K12.2	Cellulitis and abscess of mouth	Cellulitis and abscess of mouth	Masseteric space infection	CLINICAL_STANDARD	DENTAL_TERMINOLOGY
11 K00-K93 消化系统疾病	K00-K14 口腔、涎腺和颌疾病	K12	口炎和有关损害	K12.2	口蜂窝织炎和脓肿	K12.214	口蜂窝织炎	K12	K12.2	FALSE		diagnosis	Cellulitis and abscess of mouth	Stomatitis and related lesions	Cellulitis and abscess of mouth	MEDIUM	K12.2	Cellulitis and abscess of mouth	Cellulitis and abscess of mouth	Cellulitis of mouth	CLINICAL_STANDARD	DENTAL_TERMINOLOGY
11 K00-K93 消化系统疾病	K00-K14 口腔、涎腺和颌疾病	K12	口炎和有关损害	K12.2	口蜂窝织炎和脓肿	K12.215	翼下颌间隙感染	K12	K12.2	FALSE		diagnosis	Cellulitis and abscess of mouth	Stomatitis and related lesions	Cellulitis and abscess of mouth	MEDIUM	K12.2	Cellulitis and abscess of mouth	Cellulitis and abscess of mouth	Pterygomandibular space infection	CLINICAL_STANDARD	DENTAL_TERMINOLOGY
11 K00-K93 消化系统疾病	K00-K14 口腔、涎腺和颌疾病	K12	口炎和有关损害	K12.2	口蜂窝织炎和脓肿	K12.216	牙源性面部皮肤瘘	K12	K12.2	FALSE		diagnosis	Cellulitis and abscess of mouth	Stomatitis and related lesions	Cellulitis and abscess of mouth	MEDIUM	K12.2	Cellulitis and abscess of mouth	Cellulitis and abscess of mouth	Odontogenic cutaneous fistula of face	CLINICAL_STANDARD	DENTAL_TERMINOLOGY
11 K00-K93 消化系统疾病	K00-K14 口腔、涎腺和颌疾病	K12	口炎和有关损害	K12.2	口蜂窝织炎和脓肿	K12.217	颌面间隙感染	K12	K12.2	FALSE		diagnosis	Cellulitis and abscess of mouth	Stomatitis and related lesions	Cellulitis and abscess of mouth	MEDIUM	K12.2	Cellulitis and abscess of mouth	Cellulitis and abscess of mouth	Maxillofacial space infection	CLINICAL_STANDARD	DENTAL_TERMINOLOGY
11 K00-K93 消化系统疾病	K00-K14 口腔、涎腺和颌疾病	K12	口炎和有关损害	K12.2	口蜂窝织炎和脓肿	K12.218	颊黏膜脓肿	K12	K12.2	FALSE		diagnosis	Cellulitis and abscess of mouth	Stomatitis and related lesions	Cellulitis and abscess of mouth	MEDIUM	K12.2	Cellulitis and abscess of mouth	Cellulitis and abscess of mouth	Abscess of buccal mucosa	CLINICAL_STANDARD	DENTAL_TERMINOLOGY
11 K00-K93 消化系统疾病	K00-K14 口腔、涎腺和颌疾病	K12	口炎和有关损害	K12.3	口腔粘膜炎（溃疡性）	K12.300	口腔黏膜炎（溃疡）	K12	K12.3	FALSE		diagnosis	Oral mucositis (ulcerative)	Stomatitis and related lesions	Oral mucositis (ulcerative)	HIGH	K12.3	Oral mucositis (ulcerative)	Oral mucositis (ulcerative)	Oral mucositis (ulcerative)	WHO_EXACT	WHO_ICD10
11 K00-K93 消化系统疾病	K00-K14 口腔、涎腺和颌疾病	K12	口炎和有关损害	K12.3	口腔粘膜炎（溃疡性）	K12.301	黏膜炎（口腔）（口咽）	K12	K12.3	FALSE		diagnosis	Oral mucositis (ulcerative)	Stomatitis and related lesions	Oral mucositis (ulcerative)	MEDIUM	K12.3	Oral mucositis (ulcerative)	Oral mucositis (ulcerative)	Oral mucositis (ulcerative)	WHO_PARENT_INHERITED	WHO_ICD10
11 K00-K93 消化系统疾病	K00-K14 口腔、涎腺和颌疾病	K12	口炎和有关损害	K12.3	口腔粘膜炎（溃疡性）	K12.302	药物性黏膜炎（口腔）（口咽）	K12	K12.3	FALSE		diagnosis	Oral mucositis (ulcerative)	Stomatitis and related lesions	Oral mucositis (ulcerative)	MEDIUM	K12.3	Oral mucositis (ulcerative)	Oral mucositis (ulcerative)	Drug-induced oral and oropharyngeal mucositis	CLINICAL_STANDARD	DENTAL_TERMINOLOGY
11 K00-K93 消化系统疾病	K00-K14 口腔、涎腺和颌疾病	K12	口炎和有关损害	K12.3	口腔粘膜炎（溃疡性）	K12.303	放射性黏膜炎（口腔）（口咽）	K12	K12.3	FALSE		diagnosis	Oral mucositis (ulcerative)	Stomatitis and related lesions	Oral mucositis (ulcerative)	MEDIUM	K12.3	Oral mucositis (ulcerative)	Oral mucositis (ulcerative)	Radiation-induced oral and oropharyngeal mucositis	CLINICAL_STANDARD	DENTAL_TERMINOLOGY
11 K00-K93 消化系统疾病	K00-K14 口腔、涎腺和颌疾病	K12	口炎和有关损害	K12.3	口腔粘膜炎（溃疡性）	K12.304	病毒性黏膜炎（口腔）（口咽）	K12	K12.3	FALSE		diagnosis	Oral mucositis (ulcerative)	Stomatitis and related lesions	Oral mucositis (ulcerative)	MEDIUM	K12.3	Oral mucositis (ulcerative)	Oral mucositis (ulcerative)	Viral oral and oropharyngeal mucositis	CLINICAL_STANDARD	DENTAL_TERMINOLOGY
11 K00-K93 消化系统疾病	K00-K14 口腔、涎腺和颌疾病	K12	口炎和有关损害	K12.3	口腔粘膜炎（溃疡性）	K12.305	腭黏膜炎	K12	K12.3	FALSE		diagnosis	Oral mucositis (ulcerative)	Stomatitis and related lesions	Oral mucositis (ulcerative)	MEDIUM	K12.3	Oral mucositis (ulcerative)	Oral mucositis (ulcerative)	Palatal mucositis	CLINICAL_STANDARD	DENTAL_TERMINOLOGY
11 K00-K93 消化系统疾病	K00-K14 口腔、涎腺和颌疾病	K13	唇及口腔粘膜的其他疾病	K13.0	唇疾病	K13.000	唇疾病	K13	K13.0	FALSE		diagnosis	Diseases of lips	Other diseases of lip and oral mucosa	Diseases of lips	HIGH	K13.0	Diseases of lips	Diseases of lips	Diseases of lips	WHO_EXACT	WHO_ICD10
11 K00-K93 消化系统疾病	K00-K14 口腔、涎腺和颌疾病	K13	唇及口腔粘膜的其他疾病	K13.0	唇疾病	K13.000x001	感染性口角炎	K13	K13.000	TRUE	001	subtype	Diseases of lips	Other diseases of lip and oral mucosa	Diseases of lips	LOW	K13.0	Diseases of lips	Diseases of lips	Infective angular cheilitis	LOCAL_SUBTYPE_TRANSLATION	DENTAL_TERMINOLOGY
11 K00-K93 消化系统疾病	K00-K14 口腔、涎腺和颌疾病	K13	唇及口腔粘膜的其他疾病	K13.0	唇疾病	K13.000x006	剥脱性唇炎	K13	K13.000	TRUE	006	subtype	Diseases of lips	Other diseases of lip and oral mucosa	Diseases of lips	LOW	K13.0	Diseases of lips	Diseases of lips	Exfoliative cheilitis	LOCAL_SUBTYPE_TRANSLATION	DENTAL_TERMINOLOGY
11 K00-K93 消化系统疾病	K00-K14 口腔、涎腺和颌疾病	K13	唇及口腔粘膜的其他疾病	K13.0	唇疾病	K13.000x007	腺性唇炎	K13	K13.000	TRUE	007	subtype	Diseases of lips	Other diseases of lip and oral mucosa	Diseases of lips	LOW	K13.0	Diseases of lips	Diseases of lips	Cheilitis glandularis	LOCAL_SUBTYPE_TRANSLATION	DENTAL_TERMINOLOGY
11 K00-K93 消化系统疾病	K00-K14 口腔、涎腺和颌疾病	K13	唇及口腔粘膜的其他疾病	K13.0	唇疾病	K13.000x012	唇表皮化	K13	K13.000	TRUE	012	subtype	Diseases of lips	Other diseases of lip and oral mucosa	Diseases of lips	LOW	K13.0	Diseases of lips	Diseases of lips	Epidermization of lip	LOCAL_SUBTYPE_TRANSLATION	DENTAL_TERMINOLOGY
11 K00-K93 消化系统疾病	K00-K14 口腔、涎腺和颌疾病	K13	唇及口腔粘膜的其他疾病	K13.0	唇疾病	K13.000x014	唇黏液囊肿	K13	K13.000	TRUE	014	subtype	Diseases of lips	Other diseases of lip and oral mucosa	Diseases of lips	LOW	K13.0	Diseases of lips	Diseases of lips	Mucocele of lip	LOCAL_SUBTYPE_TRANSLATION	DENTAL_TERMINOLOGY
11 K00-K93 消化系统疾病	K00-K14 口腔、涎腺和颌疾病	K13	唇及口腔粘膜的其他疾病	K13.0	唇疾病	K13.000x016	烧伤后唇畸形	K13	K13.000	TRUE	016	subtype	Diseases of lips	Other diseases of lip and oral mucosa	Diseases of lips	LOW	K13.0	Diseases of lips	Diseases of lips	Post-burn deformity of lip	LOCAL_SUBTYPE_TRANSLATION	DENTAL_TERMINOLOGY
11 K00-K93 消化系统疾病	K00-K14 口腔、涎腺和颌疾病	K13	唇及口腔粘膜的其他疾病	K13.0	唇疾病	K13.000x017	变应性接触性唇炎	K13	K13.000	TRUE	017	subtype	Diseases of lips	Other diseases of lip and oral mucosa	Diseases of lips	LOW	K13.0	Diseases of lips	Diseases of lips	Allergic contact cheilitis	LOCAL_SUBTYPE_TRANSLATION	DENTAL_TERMINOLOGY
11 K00-K93 消化系统疾病	K00-K14 口腔、涎腺和颌疾病	K13	唇及口腔粘膜的其他疾病	K13.0	唇疾病	K13.000x018	唇脓肿	K13	K13.000	TRUE	018	subtype	Diseases of lips	Other diseases of lip and oral mucosa	Diseases of lips	LOW	K13.0	Diseases of lips	Diseases of lips	Lip abscess	LOCAL_SUBTYPE_TRANSLATION	DENTAL_TERMINOLOGY
11 K00-K93 消化系统疾病	K00-K14 口腔、涎腺和颌疾病	K13	唇及口腔粘膜的其他疾病	K13.0	唇疾病	K13.000x023	唇结节病	K13	K13.000	TRUE	023	subtype	Diseases of lips	Other diseases of lip and oral mucosa	Diseases of lips	LOW	K13.0	Diseases of lips	Diseases of lips	Sarcoidosis of lip	LOCAL_SUBTYPE_TRANSLATION	DENTAL_TERMINOLOGY
11 K00-K93 消化系统疾病	K00-K14 口腔、涎腺和颌疾病	K13	唇及口腔粘膜的其他疾病	K13.0	唇疾病	K13.001	唇瘘	K13	K13.0	FALSE		diagnosis	Diseases of lips	Other diseases of lip and oral mucosa	Diseases of lips	MEDIUM	K13.0	Diseases of lips	Diseases of lips	fistula of lip	CLINICAL_TRANSLATION	CLINICAL_TRANSLATION
11 K00-K93 消化系统疾病	K00-K14 口腔、涎腺和颌疾病	K13	唇及口腔粘膜的其他疾病	K13.0	唇疾病	K13.002	唇瘢痕	K13	K13.0	FALSE		diagnosis	Diseases of lips	Other diseases of lip and oral mucosa	Diseases of lips	MEDIUM	K13.0	Diseases of lips	Diseases of lips	scar of lip	CLINICAL_TRANSLATION	CLINICAL_TRANSLATION
11 K00-K93 消化系统疾病	K00-K14 口腔、涎腺和颌疾病	K13	唇及口腔粘膜的其他疾病	K13.0	唇疾病	K13.003	唇肥厚	K13	K13.0	FALSE		diagnosis	Diseases of lips	Other diseases of lip and oral mucosa	Diseases of lips	MEDIUM	K13.0	Diseases of lips	Diseases of lips	Diseases of lips	WHO_PARENT_INHERITED	WHO_ICD10
11 K00-K93 消化系统疾病	K00-K14 口腔、涎腺和颌疾病	K13	唇及口腔粘膜的其他疾病	K13.0	唇疾病	K13.004	唇畸形	K13	K13.0	FALSE		diagnosis	Diseases of lips	Other diseases of lip and oral mucosa	Diseases of lips	MEDIUM	K13.0	Diseases of lips	Diseases of lips	deformity of lip	CLINICAL_TRANSLATION	CLINICAL_TRANSLATION
11 K00-K93 消化系统疾病	K00-K14 口腔、涎腺和颌疾病	K13	唇及口腔粘膜的其他疾病	K13.0	唇疾病	K13.005	唇溃疡	K13	K13.0	FALSE		diagnosis	Diseases of lips	Other diseases of lip and oral mucosa	Diseases of lips	MEDIUM	K13.0	Diseases of lips	Diseases of lips	ulcer of lip	CLINICAL_TRANSLATION	CLINICAL_TRANSLATION
11 K00-K93 消化系统疾病	K00-K14 口腔、涎腺和颌疾病	K13	唇及口腔粘膜的其他疾病	K13.0	唇疾病	K13.006	唇囊肿	K13	K13.0	FALSE		diagnosis	Diseases of lips	Other diseases of lip and oral mucosa	Diseases of lips	MEDIUM	K13.0	Diseases of lips	Diseases of lips	cyst of lip	CLINICAL_TRANSLATION	CLINICAL_TRANSLATION
11 K00-K93 消化系统疾病	K00-K14 口腔、涎腺和颌疾病	K13	唇及口腔粘膜的其他疾病	K13.0	唇疾病	K13.007	唇息肉	K13	K13.0	FALSE		diagnosis	Diseases of lips	Other diseases of lip and oral mucosa	Diseases of lips	MEDIUM	K13.0	Diseases of lips	Diseases of lips	polyp of lip	CLINICAL_TRANSLATION	CLINICAL_TRANSLATION
11 K00-K93 消化系统疾病	K00-K14 口腔、涎腺和颌疾病	K13	唇及口腔粘膜的其他疾病	K13.0	唇疾病	K13.008	唇外翻	K13	K13.0	FALSE		diagnosis	Diseases of lips	Other diseases of lip and oral mucosa	Diseases of lips	MEDIUM	K13.0	Diseases of lips	Diseases of lips	Diseases of lips	WHO_PARENT_INHERITED	WHO_ICD10
11 K00-K93 消化系统疾病	K00-K14 口腔、涎腺和颌疾病	K13	唇及口腔粘膜的其他疾病	K13.0	唇疾病	K13.009	唇肉芽肿	K13	K13.0	FALSE		diagnosis	Diseases of lips	Other diseases of lip and oral mucosa	Diseases of lips	MEDIUM	K13.0	Diseases of lips	Diseases of lips	granuloma of lip	CLINICAL_TRANSLATION	CLINICAL_TRANSLATION
11 K00-K93 消化系统疾病	K00-K14 口腔、涎腺和颌疾病	K13	唇及口腔粘膜的其他疾病	K13.0	唇疾病	K13.010	唇部肿物	K13	K13.0	FALSE		diagnosis	Diseases of lips	Other diseases of lip and oral mucosa	Diseases of lips	MEDIUM	K13.0	Diseases of lips	Diseases of lips	Diseases of lips	WHO_PARENT_INHERITED	WHO_ICD10
11 K00-K93 消化系统疾病	K00-K14 口腔、涎腺和颌疾病	K13	唇及口腔粘膜的其他疾病	K13.0	唇疾病	K13.011	唇蜂窝织炎	K13	K13.0	FALSE		diagnosis	Diseases of lips	Other diseases of lip and oral mucosa	Diseases of lips	MEDIUM	K13.0	Diseases of lips	Diseases of lips	Diseases of lips	WHO_PARENT_INHERITED	WHO_ICD10
11 K00-K93 消化系统疾病	K00-K14 口腔、涎腺和颌疾病	K13	唇及口腔粘膜的其他疾病	K13.0	唇疾病	K13.012	唇鳞状上皮增生	K13	K13.0	FALSE		diagnosis	Diseases of lips	Other diseases of lip and oral mucosa	Diseases of lips	MEDIUM	K13.0	Diseases of lips	Diseases of lips	Diseases of lips	WHO_PARENT_INHERITED	WHO_ICD10
11 K00-K93 消化系统疾病	K00-K14 口腔、涎腺和颌疾病	K13	唇及口腔粘膜的其他疾病	K13.0	唇疾病	K13.013	唇炎	K13	K13.0	FALSE		diagnosis	Diseases of lips	Other diseases of lip and oral mucosa	Diseases of lips	MEDIUM	K13.0	Diseases of lips	Diseases of lips	inflammation of lip	CLINICAL_TRANSLATION	CLINICAL_TRANSLATION
11 K00-K93 消化系统疾病	K00-K14 口腔、涎腺和颌疾病	K13	唇及口腔粘膜的其他疾病	K13.0	唇疾病	K13.014	口角炎	K13	K13.0	FALSE		diagnosis	Diseases of lips	Other diseases of lip and oral mucosa	Diseases of lips	MEDIUM	K13.0	Diseases of lips	Diseases of lips	Angular cheilitis	CLINICAL_STANDARD	DENTAL_TERMINOLOGY
11 K00-K93 消化系统疾病	K00-K14 口腔、涎腺和颌疾病	K13	唇及口腔粘膜的其他疾病	K13.0	唇疾病	K13.015	唇皲裂	K13	K13.0	FALSE		diagnosis	Diseases of lips	Other diseases of lip and oral mucosa	Diseases of lips	MEDIUM	K13.0	Diseases of lips	Diseases of lips	Diseases of lips	WHO_PARENT_INHERITED	WHO_ICD10
11 K00-K93 消化系统疾病	K00-K14 口腔、涎腺和颌疾病	K13	唇及口腔粘膜的其他疾病	K13.0	唇疾病	K13.016	唇疼	K13	K13.0	FALSE		diagnosis	Diseases of lips	Other diseases of lip and oral mucosa	Diseases of lips	MEDIUM	K13.0	Diseases of lips	Diseases of lips	pain of lip	CLINICAL_TRANSLATION	CLINICAL_TRANSLATION
11 K00-K93 消化系统疾病	K00-K14 口腔、涎腺和颌疾病	K13	唇及口腔粘膜的其他疾病	K13.1	颊和唇咬伤	K13.100	颊和唇咬伤	K13	K13.1	FALSE		diagnosis	Cheek and lip biting	Other diseases of lip and oral mucosa	Cheek and lip biting	HIGH	K13.1	Cheek and lip biting	Cheek and lip biting	Cheek and lip biting	WHO_EXACT	WHO_ICD10
11 K00-K93 消化系统疾病	K00-K14 口腔、涎腺和颌疾病	K13	唇及口腔粘膜的其他疾病	K13.1	颊和唇咬伤	K13.101	颊咬伤	K13	K13.1	FALSE		diagnosis	Cheek and lip biting	Other diseases of lip and oral mucosa	Cheek and lip biting	MEDIUM	K13.1	Cheek and lip biting	Cheek and lip biting	Cheek and lip biting	WHO_PARENT_INHERITED	WHO_ICD10
11 K00-K93 消化系统疾病	K00-K14 口腔、涎腺和颌疾病	K13	唇及口腔粘膜的其他疾病	K13.2	口腔上皮（包括舌）白斑和其他障碍	K13.200	口腔上皮（包括舌）白斑和其他障碍	K13	K13.2	FALSE		diagnosis	Leukoplakia and other disturbances of oral epithelium, including tongue	Other diseases of lip and oral mucosa	Leukoplakia and other disturbances of oral epithelium, including tongue	HIGH	K13.2	Leukoplakia and other disturbances of oral epithelium, including tongue	Leukoplakia and other disturbances of oral epithelium, including tongue	Leukoplakia and other disturbances of oral epithelium, including tongue	WHO_EXACT	WHO_ICD10
11 K00-K93 消化系统疾病	K00-K14 口腔、涎腺和颌疾病	K13	唇及口腔粘膜的其他疾病	K13.2	口腔上皮（包括舌）白斑和其他障碍	K13.200x004	口腔灶性上皮增生	K13	K13.200	TRUE	004	subtype	Leukoplakia and other disturbances of oral epithelium, including tongue	Other diseases of lip and oral mucosa	Leukoplakia and other disturbances of oral epithelium, including tongue	LOW	K13.2	Leukoplakia and other disturbances of oral epithelium, including tongue	Leukoplakia and other disturbances of oral epithelium, including tongue	Focal epithelial hyperplasia of oral mucosa	LOCAL_SUBTYPE_TRANSLATION	DENTAL_TERMINOLOGY
11 K00-K93 消化系统疾病	K00-K14 口腔、涎腺和颌疾病	K13	唇及口腔粘膜的其他疾病	K13.2	口腔上皮（包括舌）白斑和其他障碍	K13.200x005	烟斑	K13	K13.200	TRUE	005	subtype	Leukoplakia and other disturbances of oral epithelium, including tongue	Other diseases of lip and oral mucosa	Leukoplakia and other disturbances of oral epithelium, including tongue	LOW	K13.2	Leukoplakia and other disturbances of oral epithelium, including tongue	Leukoplakia and other disturbances of oral epithelium, including tongue	Smoker's patch	LOCAL_SUBTYPE_TRANSLATION	DENTAL_TERMINOLOGY
11 K00-K93 消化系统疾病	K00-K14 口腔、涎腺和颌疾病	K13	唇及口腔粘膜的其他疾病	K13.2	口腔上皮（包括舌）白斑和其他障碍	K13.200x006	白色角化症	K13	K13.200	TRUE	006	subtype	Leukoplakia and other disturbances of oral epithelium, including tongue	Other diseases of lip and oral mucosa	Leukoplakia and other disturbances of oral epithelium, including tongue	LOW	K13.2	Leukoplakia and other disturbances of oral epithelium, including tongue	Leukoplakia and other disturbances of oral epithelium, including tongue	White keratosis	LOCAL_SUBTYPE_TRANSLATION	DENTAL_TERMINOLOGY
11 K00-K93 消化系统疾病	K00-K14 口腔、涎腺和颌疾病	K13	唇及口腔粘膜的其他疾病	K13.2	口腔上皮（包括舌）白斑和其他障碍	K13.200x007	口腔黏膜红斑	K13	K13.200	TRUE	007	subtype	Leukoplakia and other disturbances of oral epithelium, including tongue	Other diseases of lip and oral mucosa	Leukoplakia and other disturbances of oral epithelium, including tongue	LOW	K13.2	Leukoplakia and other disturbances of oral epithelium, including tongue	Leukoplakia and other disturbances of oral epithelium, including tongue	Erythroplakia of oral mucosa	LOCAL_SUBTYPE_TRANSLATION	DENTAL_TERMINOLOGY
11 K00-K93 消化系统疾病	K00-K14 口腔、涎腺和颌疾病	K13	唇及口腔粘膜的其他疾病	K13.2	口腔上皮（包括舌）白斑和其他障碍	K13.200x009	口腔黏膜白色水肿	K13	K13.200	TRUE	009	subtype	Leukoplakia and other disturbances of oral epithelium, including tongue	Other diseases of lip and oral mucosa	Leukoplakia and other disturbances of oral epithelium, including tongue	LOW	K13.2	Leukoplakia and other disturbances of oral epithelium, including tongue	Leukoplakia and other disturbances of oral epithelium, including tongue	Leukoedema of oral mucosa	LOCAL_SUBTYPE_TRANSLATION	DENTAL_TERMINOLOGY
11 K00-K93 消化系统疾病	K00-K14 口腔、涎腺和颌疾病	K13	唇及口腔粘膜的其他疾病	K13.2	口腔上皮（包括舌）白斑和其他障碍	K13.200x010	颊鳞状上皮增生	K13	K13.200	TRUE	010	subtype	Leukoplakia and other disturbances of oral epithelium, including tongue	Other diseases of lip and oral mucosa	Leukoplakia and other disturbances of oral epithelium, including tongue	LOW	K13.2	Leukoplakia and other disturbances of oral epithelium, including tongue	Leukoplakia and other disturbances of oral epithelium, including tongue	Squamous epithelial hyperplasia of buccal mucosa	LOCAL_SUBTYPE_TRANSLATION	DENTAL_TERMINOLOGY
11 K00-K93 消化系统疾病	K00-K14 口腔、涎腺和颌疾病	K13	唇及口腔粘膜的其他疾病	K13.2	口腔上皮（包括舌）白斑和其他障碍	K13.200x011	腭黏膜上皮增生	K13	K13.200	TRUE	011	subtype	Leukoplakia and other disturbances of oral epithelium, including tongue	Other diseases of lip and oral mucosa	Leukoplakia and other disturbances of oral epithelium, including tongue	LOW	K13.2	Leukoplakia and other disturbances of oral epithelium, including tongue	Leukoplakia and other disturbances of oral epithelium, including tongue	Epithelial hyperplasia of palatal mucosa	LOCAL_SUBTYPE_TRANSLATION	DENTAL_TERMINOLOGY
11 K00-K93 消化系统疾病	K00-K14 口腔、涎腺和颌疾病	K13	唇及口腔粘膜的其他疾病	K13.2	口腔上皮（包括舌）白斑和其他障碍	K13.201	腭黏膜角化不良	K13	K13.2	FALSE		diagnosis	Leukoplakia and other disturbances of oral epithelium, including tongue	Other diseases of lip and oral mucosa	Leukoplakia and other disturbances of oral epithelium, including tongue	MEDIUM	K13.2	Leukoplakia and other disturbances of oral epithelium, including tongue	Leukoplakia and other disturbances of oral epithelium, including tongue	Leukoplakia and other disturbances of oral epithelium, including tongue	WHO_PARENT_INHERITED	WHO_ICD10
11 K00-K93 消化系统疾病	K00-K14 口腔、涎腺和颌疾病	K13	唇及口腔粘膜的其他疾病	K13.2	口腔上皮（包括舌）白斑和其他障碍	K13.202	腭白斑	K13	K13.2	FALSE		diagnosis	Leukoplakia and other disturbances of oral epithelium, including tongue	Other diseases of lip and oral mucosa	Leukoplakia and other disturbances of oral epithelium, including tongue	MEDIUM	K13.2	Leukoplakia and other disturbances of oral epithelium, including tongue	Leukoplakia and other disturbances of oral epithelium, including tongue	Leukoplakia and other disturbances of oral epithelium, including tongue	WHO_PARENT_INHERITED	WHO_ICD10
11 K00-K93 消化系统疾病	K00-K14 口腔、涎腺和颌疾病	K13	唇及口腔粘膜的其他疾病	K13.2	口腔上皮（包括舌）白斑和其他障碍	K13.203	口腔白斑	K13	K13.2	FALSE		diagnosis	Leukoplakia and other disturbances of oral epithelium, including tongue	Other diseases of lip and oral mucosa	Leukoplakia and other disturbances of oral epithelium, including tongue	MEDIUM	K13.2	Leukoplakia and other disturbances of oral epithelium, including tongue	Leukoplakia and other disturbances of oral epithelium, including tongue	Leukoplakia and other disturbances of oral epithelium, including tongue	WHO_PARENT_INHERITED	WHO_ICD10
11 K00-K93 消化系统疾病	K00-K14 口腔、涎腺和颌疾病	K13	唇及口腔粘膜的其他疾病	K13.2	口腔上皮（包括舌）白斑和其他障碍	K13.204	口腔黏膜过度角化	K13	K13.2	FALSE		diagnosis	Leukoplakia and other disturbances of oral epithelium, including tongue	Other diseases of lip and oral mucosa	Leukoplakia and other disturbances of oral epithelium, including tongue	MEDIUM	K13.2	Leukoplakia and other disturbances of oral epithelium, including tongue	Leukoplakia and other disturbances of oral epithelium, including tongue	Leukoplakia and other disturbances of oral epithelium, including tongue	WHO_PARENT_INHERITED	WHO_ICD10
11 K00-K93 消化系统疾病	K00-K14 口腔、涎腺和颌疾病	K13	唇及口腔粘膜的其他疾病	K13.2	口腔上皮（包括舌）白斑和其他障碍	K13.205	舌白斑	K13	K13.2	FALSE		diagnosis	Leukoplakia and other disturbances of oral epithelium, including tongue	Other diseases of lip and oral mucosa	Leukoplakia and other disturbances of oral epithelium, including tongue	MEDIUM	K13.2	Leukoplakia and other disturbances of oral epithelium, including tongue	Leukoplakia and other disturbances of oral epithelium, including tongue	Leukoplakia and other disturbances of oral epithelium, including tongue	WHO_PARENT_INHERITED	WHO_ICD10
11 K00-K93 消化系统疾病	K00-K14 口腔、涎腺和颌疾病	K13	唇及口腔粘膜的其他疾病	K13.2	口腔上皮（包括舌）白斑和其他障碍	K13.206	舌白色水肿	K13	K13.2	FALSE		diagnosis	Leukoplakia and other disturbances of oral epithelium, including tongue	Other diseases of lip and oral mucosa	Leukoplakia and other disturbances of oral epithelium, including tongue	MEDIUM	K13.2	Leukoplakia and other disturbances of oral epithelium, including tongue	Leukoplakia and other disturbances of oral epithelium, including tongue	Leukoplakia and other disturbances of oral epithelium, including tongue	WHO_PARENT_INHERITED	WHO_ICD10
11 K00-K93 消化系统疾病	K00-K14 口腔、涎腺和颌疾病	K13	唇及口腔粘膜的其他疾病	K13.2	口腔上皮（包括舌）白斑和其他障碍	K13.207	舌良性过度角化症	K13	K13.2	FALSE		diagnosis	Leukoplakia and other disturbances of oral epithelium, including tongue	Other diseases of lip and oral mucosa	Leukoplakia and other disturbances of oral epithelium, including tongue	MEDIUM	K13.2	Leukoplakia and other disturbances of oral epithelium, including tongue	Leukoplakia and other disturbances of oral epithelium, including tongue	Leukoplakia and other disturbances of oral epithelium, including tongue	WHO_PARENT_INHERITED	WHO_ICD10
11 K00-K93 消化系统疾病	K00-K14 口腔、涎腺和颌疾病	K13	唇及口腔粘膜的其他疾病	K13.2	口腔上皮（包括舌）白斑和其他障碍	K13.208	牙龈白斑	K13	K13.2	FALSE		diagnosis	Leukoplakia and other disturbances of oral epithelium, including tongue	Other diseases of lip and oral mucosa	Leukoplakia and other disturbances of oral epithelium, including tongue	MEDIUM	K13.2	Leukoplakia and other disturbances of oral epithelium, including tongue	Leukoplakia and other disturbances of oral epithelium, including tongue	Leukoplakia and other disturbances of oral epithelium, including tongue	WHO_PARENT_INHERITED	WHO_ICD10
11 K00-K93 消化系统疾病	K00-K14 口腔、涎腺和颌疾病	K13	唇及口腔粘膜的其他疾病	K13.2	口腔上皮（包括舌）白斑和其他障碍	K13.209	颊白斑	K13	K13.2	FALSE		diagnosis	Leukoplakia and other disturbances of oral epithelium, including tongue	Other diseases of lip and oral mucosa	Leukoplakia and other disturbances of oral epithelium, including tongue	MEDIUM	K13.2	Leukoplakia and other disturbances of oral epithelium, including tongue	Leukoplakia and other disturbances of oral epithelium, including tongue	Leukoplakia and other disturbances of oral epithelium, including tongue	WHO_PARENT_INHERITED	WHO_ICD10
11 K00-K93 消化系统疾病	K00-K14 口腔、涎腺和颌疾病	K13	唇及口腔粘膜的其他疾病	K13.2	口腔上皮（包括舌）白斑和其他障碍	K13.210	舌鳞状上皮增生	K13	K13.2	FALSE		diagnosis	Leukoplakia and other disturbances of oral epithelium, including tongue	Other diseases of lip and oral mucosa	Leukoplakia and other disturbances of oral epithelium, including tongue	MEDIUM	K13.2	Leukoplakia and other disturbances of oral epithelium, including tongue	Leukoplakia and other disturbances of oral epithelium, including tongue	Leukoplakia and other disturbances of oral epithelium, including tongue	WHO_PARENT_INHERITED	WHO_ICD10
11 K00-K93 消化系统疾病	K00-K14 口腔、涎腺和颌疾病	K13	唇及口腔粘膜的其他疾病	K13.3	毛状白斑	K13.300	毛状白斑	K13	K13.3	FALSE		diagnosis	Hairy leukoplakia	Other diseases of lip and oral mucosa	Hairy leukoplakia	HIGH	K13.3	Hairy leukoplakia	Hairy leukoplakia	Hairy leukoplakia	WHO_EXACT	WHO_ICD10
11 K00-K93 消化系统疾病	K00-K14 口腔、涎腺和颌疾病	K13	唇及口腔粘膜的其他疾病	K13.4	口腔粘膜肉芽肿和类肉芽肿损害	K13.400	口腔黏膜肉芽肿和类肉芽肿损害	K13	K13.4	FALSE		diagnosis	Granuloma and granuloma-like lesions of oral mucosa	Other diseases of lip and oral mucosa	Granuloma and granuloma-like lesions of oral mucosa	HIGH	K13.4	Granuloma and granuloma-like lesions of oral mucosa	Granuloma and granuloma-like lesions of oral mucosa	Granuloma and granuloma-like lesions of oral mucosa	WHO_EXACT	WHO_ICD10
11 K00-K93 消化系统疾病	K00-K14 口腔、涎腺和颌疾病	K13	唇及口腔粘膜的其他疾病	K13.4	口腔粘膜肉芽肿和类肉芽肿损害	K13.400x001	口腔黏膜结节病	K13	K13.400	TRUE	001	subtype	Granuloma and granuloma-like lesions of oral mucosa	Other diseases of lip and oral mucosa	Granuloma and granuloma-like lesions of oral mucosa	LOW	K13.4	Granuloma and granuloma-like lesions of oral mucosa	Granuloma and granuloma-like lesions of oral mucosa	Sarcoidosis of oral mucosa	LOCAL_SUBTYPE_TRANSLATION	DENTAL_TERMINOLOGY
11 K00-K93 消化系统疾病	K00-K14 口腔、涎腺和颌疾病	K13	唇及口腔粘膜的其他疾病	K13.4	口腔粘膜肉芽肿和类肉芽肿损害	K13.400x002	口腔黏膜浆细胞肉芽肿	K13	K13.400	TRUE	002	subtype	Granuloma and granuloma-like lesions of oral mucosa	Other diseases of lip and oral mucosa	Granuloma and granuloma-like lesions of oral mucosa	LOW	K13.4	Granuloma and granuloma-like lesions of oral mucosa	Granuloma and granuloma-like lesions of oral mucosa	Plasma cell granuloma of oral mucosa	LOCAL_SUBTYPE_TRANSLATION	DENTAL_TERMINOLOGY
11 K00-K93 消化系统疾病	K00-K14 口腔、涎腺和颌疾病	K13	唇及口腔粘膜的其他疾病	K13.4	口腔粘膜肉芽肿和类肉芽肿损害	K13.400x004	口腔黏膜化脓性肉芽肿	K13	K13.400	TRUE	004	subtype	Granuloma and granuloma-like lesions of oral mucosa	Other diseases of lip and oral mucosa	Granuloma and granuloma-like lesions of oral mucosa	LOW	K13.4	Granuloma and granuloma-like lesions of oral mucosa	Granuloma and granuloma-like lesions of oral mucosa	Pyogenic granuloma of oral mucosa	LOCAL_SUBTYPE_TRANSLATION	DENTAL_TERMINOLOGY
11 K00-K93 消化系统疾病	K00-K14 口腔、涎腺和颌疾病	K13	唇及口腔粘膜的其他疾病	K13.4	口腔粘膜肉芽肿和类肉芽肿损害	K13.401	口腔黏膜肉芽肿	K13	K13.4	FALSE		diagnosis	Granuloma and granuloma-like lesions of oral mucosa	Other diseases of lip and oral mucosa	Granuloma and granuloma-like lesions of oral mucosa	MEDIUM	K13.4	Granuloma and granuloma-like lesions of oral mucosa	Granuloma and granuloma-like lesions of oral mucosa	granuloma of oral mucosa	CLINICAL_TRANSLATION	CLINICAL_TRANSLATION
11 K00-K93 消化系统疾病	K00-K14 口腔、涎腺和颌疾病	K13	唇及口腔粘膜的其他疾病	K13.4	口腔粘膜肉芽肿和类肉芽肿损害	K13.402	口腔黏膜嗜酸性肉芽肿	K13	K13.4	FALSE		diagnosis	Granuloma and granuloma-like lesions of oral mucosa	Other diseases of lip and oral mucosa	Granuloma and granuloma-like lesions of oral mucosa	MEDIUM	K13.4	Granuloma and granuloma-like lesions of oral mucosa	Granuloma and granuloma-like lesions of oral mucosa	Granuloma and granuloma-like lesions of oral mucosa	WHO_PARENT_INHERITED	WHO_ICD10
11 K00-K93 消化系统疾病	K00-K14 口腔、涎腺和颌疾病	K13	唇及口腔粘膜的其他疾病	K13.4	口腔粘膜肉芽肿和类肉芽肿损害	K13.403	口腔黏膜疣状黄瘤	K13	K13.4	FALSE		diagnosis	Granuloma and granuloma-like lesions of oral mucosa	Other diseases of lip and oral mucosa	Granuloma and granuloma-like lesions of oral mucosa	MEDIUM	K13.4	Granuloma and granuloma-like lesions of oral mucosa	Granuloma and granuloma-like lesions of oral mucosa	Granuloma and granuloma-like lesions of oral mucosa	WHO_PARENT_INHERITED	WHO_ICD10
11 K00-K93 消化系统疾病	K00-K14 口腔、涎腺和颌疾病	K13	唇及口腔粘膜的其他疾病	K13.5	口腔粘膜下纤维化	K13.500	口腔黏膜下纤维化	K13	K13.5	FALSE		diagnosis	Oral submucous fibrosis	Other diseases of lip and oral mucosa	Oral submucous fibrosis	HIGH	K13.5	Oral submucous fibrosis	Oral submucous fibrosis	Oral submucous fibrosis	WHO_EXACT	WHO_ICD10
11 K00-K93 消化系统疾病	K00-K14 口腔、涎腺和颌疾病	K13	唇及口腔粘膜的其他疾病	K13.5	口腔粘膜下纤维化	K13.500x002	腭部黏膜下纤维化	K13	K13.500	TRUE	002	subtype	Oral submucous fibrosis	Other diseases of lip and oral mucosa	Oral submucous fibrosis	LOW	K13.5	Oral submucous fibrosis	Oral submucous fibrosis	Submucous fibrosis of palate	LOCAL_SUBTYPE_TRANSLATION	DENTAL_TERMINOLOGY
11 K00-K93 消化系统疾病	K00-K14 口腔、涎腺和颌疾病	K13	唇及口腔粘膜的其他疾病	K13.6	口腔粘膜刺激性增生	K13.600	口腔黏膜刺激性增生	K13	K13.6	FALSE		diagnosis	Irritative hyperplasia of oral mucosa	Other diseases of lip and oral mucosa	Irritative hyperplasia of oral mucosa	HIGH	K13.6	Irritative hyperplasia of oral mucosa	Irritative hyperplasia of oral mucosa	Irritative hyperplasia of oral mucosa	WHO_EXACT	WHO_ICD10
11 K00-K93 消化系统疾病	K00-K14 口腔、涎腺和颌疾病	K13	唇及口腔粘膜的其他疾病	K13.6	口腔粘膜刺激性增生	K13.600x001	口腔黏膜炎性增生	K13	K13.600	TRUE	001	subtype	Irritative hyperplasia of oral mucosa	Other diseases of lip and oral mucosa	Irritative hyperplasia of oral mucosa	LOW	K13.6	Irritative hyperplasia of oral mucosa	Irritative hyperplasia of oral mucosa	Inflammatory hyperplasia of oral mucosa	LOCAL_SUBTYPE_TRANSLATION	DENTAL_TERMINOLOGY
11 K00-K93 消化系统疾病	K00-K14 口腔、涎腺和颌疾病	K13	唇及口腔粘膜的其他疾病	K13.6	口腔粘膜刺激性增生	K13.601	口腔黏膜增生	K13	K13.6	FALSE		diagnosis	Irritative hyperplasia of oral mucosa	Other diseases of lip and oral mucosa	Irritative hyperplasia of oral mucosa	MEDIUM	K13.6	Irritative hyperplasia of oral mucosa	Irritative hyperplasia of oral mucosa	hyperplasia of oral mucosa	CLINICAL_TRANSLATION	CLINICAL_TRANSLATION
11 K00-K93 消化系统疾病	K00-K14 口腔、涎腺和颌疾病	K13	唇及口腔粘膜的其他疾病	K13.6	口腔粘膜刺激性增生	K13.602	腭增生症	K13	K13.6	FALSE		diagnosis	Irritative hyperplasia of oral mucosa	Other diseases of lip and oral mucosa	Irritative hyperplasia of oral mucosa	MEDIUM	K13.6	Irritative hyperplasia of oral mucosa	Irritative hyperplasia of oral mucosa	Irritative hyperplasia of oral mucosa	WHO_PARENT_INHERITED	WHO_ICD10
11 K00-K93 消化系统疾病	K00-K14 口腔、涎腺和颌疾病	K13	唇及口腔粘膜的其他疾病	K13.6	口腔粘膜刺激性增生	K13.603	腭黏膜息肉	K13	K13.6	FALSE		diagnosis	Irritative hyperplasia of oral mucosa	Other diseases of lip and oral mucosa	Irritative hyperplasia of oral mucosa	MEDIUM	K13.6	Irritative hyperplasia of oral mucosa	Irritative hyperplasia of oral mucosa	polyp of palatal mucosa	CLINICAL_TRANSLATION	CLINICAL_TRANSLATION
11 K00-K93 消化系统疾病	K00-K14 口腔、涎腺和颌疾病	K13	唇及口腔粘膜的其他疾病	K13.7	口腔粘膜其他和未特指的损害	K13.700	口腔黏膜其他的损害	K13	K13.7	FALSE		diagnosis	Other and unspecified lesions of oral mucosa	Other diseases of lip and oral mucosa	Other and unspecified lesions of oral mucosa	HIGH	K13.7	Other and unspecified lesions of oral mucosa	Other and unspecified lesions of oral mucosa	Other and unspecified lesions of oral mucosa	WHO_EXACT	WHO_ICD10
11 K00-K93 消化系统疾病	K00-K14 口腔、涎腺和颌疾病	K13	唇及口腔粘膜的其他疾病	K13.7	口腔粘膜其他和未特指的损害	K13.700x001	腭部瘢痕	K13	K13.700	TRUE	001	subtype	Other and unspecified lesions of oral mucosa	Other diseases of lip and oral mucosa	Other and unspecified lesions of oral mucosa	LOW	K13.7	Other and unspecified lesions of oral mucosa	Other and unspecified lesions of oral mucosa	Palatal scar	LOCAL_SUBTYPE_TRANSLATION	DENTAL_TERMINOLOGY
11 K00-K93 消化系统疾病	K00-K14 口腔、涎腺和颌疾病	K13	唇及口腔粘膜的其他疾病	K13.7	口腔粘膜其他和未特指的损害	K13.700x003	腭黏膜炎症	K13	K13.700	TRUE	003	subtype	Other and unspecified lesions of oral mucosa	Other diseases of lip and oral mucosa	Other and unspecified lesions of oral mucosa	LOW	K13.7	Other and unspecified lesions of oral mucosa	Other and unspecified lesions of oral mucosa	Inflammation of palatal mucosa	LOCAL_SUBTYPE_TRANSLATION	DENTAL_TERMINOLOGY
11 K00-K93 消化系统疾病	K00-K14 口腔、涎腺和颌疾病	K13	唇及口腔粘膜的其他疾病	K13.7	口腔粘膜其他和未特指的损害	K13.700x004	后天性颊沟畸形	K13	K13.700	TRUE	004	subtype	Other and unspecified lesions of oral mucosa	Other diseases of lip and oral mucosa	Other and unspecified lesions of oral mucosa	LOW	K13.7	Other and unspecified lesions of oral mucosa	Other and unspecified lesions of oral mucosa	Acquired buccal sulcus deformity	LOCAL_SUBTYPE_TRANSLATION	DENTAL_TERMINOLOGY
11 K00-K93 消化系统疾病	K00-K14 口腔、涎腺和颌疾病	K13	唇及口腔粘膜的其他疾病	K13.7	口腔粘膜其他和未特指的损害	K13.700x006	口腔毛息肉	K13	K13.700	TRUE	006	subtype	Other and unspecified lesions of oral mucosa	Other diseases of lip and oral mucosa	Other and unspecified lesions of oral mucosa	LOW	K13.7	Other and unspecified lesions of oral mucosa	Other and unspecified lesions of oral mucosa	Oral hairy polyp	LOCAL_SUBTYPE_TRANSLATION	DENTAL_TERMINOLOGY
11 K00-K93 消化系统疾病	K00-K14 口腔、涎腺和颌疾病	K13	唇及口腔粘膜的其他疾病	K13.7	口腔粘膜其他和未特指的损害	K13.700x007	颊部炎症	K13	K13.700	TRUE	007	subtype	Other and unspecified lesions of oral mucosa	Other diseases of lip and oral mucosa	Other and unspecified lesions of oral mucosa	LOW	K13.7	Other and unspecified lesions of oral mucosa	Other and unspecified lesions of oral mucosa	Inflammation of buccal region	LOCAL_SUBTYPE_TRANSLATION	DENTAL_TERMINOLOGY
11 K00-K93 消化系统疾病	K00-K14 口腔、涎腺和颌疾病	K13	唇及口腔粘膜的其他疾病	K13.7	口腔粘膜其他和未特指的损害	K13.700x009	慢性颊黏膜下炎症	K13	K13.700	TRUE	009	subtype	Other and unspecified lesions of oral mucosa	Other diseases of lip and oral mucosa	Other and unspecified lesions of oral mucosa	LOW	K13.7	Other and unspecified lesions of oral mucosa	Other and unspecified lesions of oral mucosa	Chronic submucosal inflammation of buccal mucosa	LOCAL_SUBTYPE_TRANSLATION	DENTAL_TERMINOLOGY
11 K00-K93 消化系统疾病	K00-K14 口腔、涎腺和颌疾病	K13	唇及口腔粘膜的其他疾病	K13.7	口腔粘膜其他和未特指的损害	K13.700x010	口腔内血管增生	K13	K13.700	TRUE	010	subtype	Other and unspecified lesions of oral mucosa	Other diseases of lip and oral mucosa	Other and unspecified lesions of oral mucosa	LOW	K13.7	Other and unspecified lesions of oral mucosa	Other and unspecified lesions of oral mucosa	Intraoral vascular hyperplasia	LOCAL_SUBTYPE_TRANSLATION	DENTAL_TERMINOLOGY
11 K00-K93 消化系统疾病	K00-K14 口腔、涎腺和颌疾病	K13	唇及口腔粘膜的其他疾病	K13.7	口腔粘膜其他和未特指的损害	K13.700x011	口腔黏膜出血	K13	K13.700	TRUE	011	subtype	Other and unspecified lesions of oral mucosa	Other diseases of lip and oral mucosa	Other and unspecified lesions of oral mucosa	LOW	K13.7	Other and unspecified lesions of oral mucosa	Other and unspecified lesions of oral mucosa	Hemorrhage of oral mucosa	LOCAL_SUBTYPE_TRANSLATION	DENTAL_TERMINOLOGY
11 K00-K93 消化系统疾病	K00-K14 口腔、涎腺和颌疾病	K13	唇及口腔粘膜的其他疾病	K13.7	口腔粘膜其他和未特指的损害	K13.700x013	后天性软腭畸形	K13	K13.700	TRUE	013	subtype	Other and unspecified lesions of oral mucosa	Other diseases of lip and oral mucosa	Other and unspecified lesions of oral mucosa	LOW	K13.7	Other and unspecified lesions of oral mucosa	Other and unspecified lesions of oral mucosa	Acquired deformity of soft palate	LOCAL_SUBTYPE_TRANSLATION	DENTAL_TERMINOLOGY
11 K00-K93 消化系统疾病	K00-K14 口腔、涎腺和颌疾病	K13	唇及口腔粘膜的其他疾病	K13.7	口腔粘膜其他和未特指的损害	K13.700x018	翼沟过长	K13	K13.700	TRUE	018	subtype	Other and unspecified lesions of oral mucosa	Other diseases of lip and oral mucosa	Other and unspecified lesions of oral mucosa	LOW	K13.7	Other and unspecified lesions of oral mucosa	Other and unspecified lesions of oral mucosa	Elongated pterygomandibular fold	LOCAL_SUBTYPE_TRANSLATION	DENTAL_TERMINOLOGY
11 K00-K93 消化系统疾病	K00-K14 口腔、涎腺和颌疾病	K13	唇及口腔粘膜的其他疾病	K13.7	口腔粘膜其他和未特指的损害	K13.700x019	腭垂囊肿	K13	K13.700	TRUE	019	subtype	Other and unspecified lesions of oral mucosa	Other diseases of lip and oral mucosa	Other and unspecified lesions of oral mucosa	LOW	K13.7	Other and unspecified lesions of oral mucosa	Other and unspecified lesions of oral mucosa	Cyst of uvula	LOCAL_SUBTYPE_TRANSLATION	DENTAL_TERMINOLOGY
11 K00-K93 消化系统疾病	K00-K14 口腔、涎腺和颌疾病	K13	唇及口腔粘膜的其他疾病	K13.7	口腔粘膜其他和未特指的损害	K13.700x021	软腭肥厚	K13	K13.700	TRUE	021	subtype	Other and unspecified lesions of oral mucosa	Other diseases of lip and oral mucosa	Other and unspecified lesions of oral mucosa	LOW	K13.7	Other and unspecified lesions of oral mucosa	Other and unspecified lesions of oral mucosa	Hypertrophy of soft palate	LOCAL_SUBTYPE_TRANSLATION	DENTAL_TERMINOLOGY
11 K00-K93 消化系统疾病	K00-K14 口腔、涎腺和颌疾病	K13	唇及口腔粘膜的其他疾病	K13.7	口腔粘膜其他和未特指的损害	K13.700x022	腭麻痹	K13	K13.700	TRUE	022	subtype	Other and unspecified lesions of oral mucosa	Other diseases of lip and oral mucosa	Other and unspecified lesions of oral mucosa	LOW	K13.7	Other and unspecified lesions of oral mucosa	Other and unspecified lesions of oral mucosa	Paralysis of palate	LOCAL_SUBTYPE_TRANSLATION	DENTAL_TERMINOLOGY
11 K00-K93 消化系统疾病	K00-K14 口腔、涎腺和颌疾病	K13	唇及口腔粘膜的其他疾病	K13.7	口腔粘膜其他和未特指的损害	K13.700x023	软腭麻痹	K13	K13.700	TRUE	023	subtype	Other and unspecified lesions of oral mucosa	Other diseases of lip and oral mucosa	Other and unspecified lesions of oral mucosa	LOW	K13.7	Other and unspecified lesions of oral mucosa	Other and unspecified lesions of oral mucosa	Paralysis of soft palate	LOCAL_SUBTYPE_TRANSLATION	DENTAL_TERMINOLOGY
11 K00-K93 消化系统疾病	K00-K14 口腔、涎腺和颌疾病	K13	唇及口腔粘膜的其他疾病	K13.7	口腔粘膜其他和未特指的损害	K13.700x024	软腭震颤	K13	K13.700	TRUE	024	subtype	Other and unspecified lesions of oral mucosa	Other diseases of lip and oral mucosa	Other and unspecified lesions of oral mucosa	LOW	K13.7	Other and unspecified lesions of oral mucosa	Other and unspecified lesions of oral mucosa	Tremor of soft palate	LOCAL_SUBTYPE_TRANSLATION	DENTAL_TERMINOLOGY
11 K00-K93 消化系统疾病	K00-K14 口腔、涎腺和颌疾病	K13	唇及口腔粘膜的其他疾病	K13.7	口腔粘膜其他和未特指的损害	K13.700x025	金属引起的口腔黏膜病变	K13	K13.700	TRUE	025	subtype	Other and unspecified lesions of oral mucosa	Other diseases of lip and oral mucosa	Other and unspecified lesions of oral mucosa	LOW	K13.7	Other and unspecified lesions of oral mucosa	Other and unspecified lesions of oral mucosa	Metal-induced oral mucosal lesion	LOCAL_SUBTYPE_TRANSLATION	DENTAL_TERMINOLOGY
11 K00-K93 消化系统疾病	K00-K14 口腔、涎腺和颌疾病	K13	唇及口腔粘膜的其他疾病	K13.7	口腔粘膜其他和未特指的损害	K13.700x026	颊部息肉	K13	K13.700	TRUE	026	subtype	Other and unspecified lesions of oral mucosa	Other diseases of lip and oral mucosa	Other and unspecified lesions of oral mucosa	LOW	K13.7	Other and unspecified lesions of oral mucosa	Other and unspecified lesions of oral mucosa	Polyp of buccal region	LOCAL_SUBTYPE_TRANSLATION	DENTAL_TERMINOLOGY
11 K00-K93 消化系统疾病	K00-K14 口腔、涎腺和颌疾病	K13	唇及口腔粘膜的其他疾病	K13.7	口腔粘膜其他和未特指的损害	K13.702	口腔肿物	K13	K13.7	FALSE		diagnosis	Other and unspecified lesions of oral mucosa	Other diseases of lip and oral mucosa	Other and unspecified lesions of oral mucosa	MEDIUM	K13.7	Other and unspecified lesions of oral mucosa	Other and unspecified lesions of oral mucosa	mass of oral cavity	CLINICAL_TRANSLATION	CLINICAL_TRANSLATION
11 K00-K93 消化系统疾病	K00-K14 口腔、涎腺和颌疾病	K13	唇及口腔粘膜的其他疾病	K13.7	口腔粘膜其他和未特指的损害	K13.703	口腔瘢痕	K13	K13.7	FALSE		diagnosis	Other and unspecified lesions of oral mucosa	Other diseases of lip and oral mucosa	Other and unspecified lesions of oral mucosa	MEDIUM	K13.7	Other and unspecified lesions of oral mucosa	Other and unspecified lesions of oral mucosa	scar of oral cavity	CLINICAL_TRANSLATION	CLINICAL_TRANSLATION
11 K00-K93 消化系统疾病	K00-K14 口腔、涎腺和颌疾病	K13	唇及口腔粘膜的其他疾病	K13.7	口腔粘膜其他和未特指的损害	K13.704	口腔黏蛋白沉积症	K13	K13.7	FALSE		diagnosis	Other and unspecified lesions of oral mucosa	Other diseases of lip and oral mucosa	Other and unspecified lesions of oral mucosa	MEDIUM	K13.7	Other and unspecified lesions of oral mucosa	Other and unspecified lesions of oral mucosa	Other and unspecified lesions of oral mucosa	WHO_PARENT_INHERITED	WHO_ICD10
11 K00-K93 消化系统疾病	K00-K14 口腔、涎腺和颌疾病	K13	唇及口腔粘膜的其他疾病	K13.7	口腔粘膜其他和未特指的损害	K13.705	口腔出血	K13	K13.7	FALSE		diagnosis	Other and unspecified lesions of oral mucosa	Other diseases of lip and oral mucosa	Other and unspecified lesions of oral mucosa	MEDIUM	K13.7	Other and unspecified lesions of oral mucosa	Other and unspecified lesions of oral mucosa	hemorrhage of oral cavity	CLINICAL_TRANSLATION	CLINICAL_TRANSLATION
11 K00-K93 消化系统疾病	K00-K14 口腔、涎腺和颌疾病	K13	唇及口腔粘膜的其他疾病	K13.7	口腔粘膜其他和未特指的损害	K13.706	后天性小口畸形	K13	K13.7	FALSE		diagnosis	Other and unspecified lesions of oral mucosa	Other diseases of lip and oral mucosa	Other and unspecified lesions of oral mucosa	MEDIUM	K13.7	Other and unspecified lesions of oral mucosa	Other and unspecified lesions of oral mucosa	Other and unspecified lesions of oral mucosa	WHO_PARENT_INHERITED	WHO_ICD10
11 K00-K93 消化系统疾病	K00-K14 口腔、涎腺和颌疾病	K13	唇及口腔粘膜的其他疾病	K13.7	口腔粘膜其他和未特指的损害	K13.707	颊部炎性假瘤	K13	K13.7	FALSE		diagnosis	Other and unspecified lesions of oral mucosa	Other diseases of lip and oral mucosa	Other and unspecified lesions of oral mucosa	MEDIUM	K13.7	Other and unspecified lesions of oral mucosa	Other and unspecified lesions of oral mucosa	Other and unspecified lesions of oral mucosa	WHO_PARENT_INHERITED	WHO_ICD10
11 K00-K93 消化系统疾病	K00-K14 口腔、涎腺和颌疾病	K13	唇及口腔粘膜的其他疾病	K13.7	口腔粘膜其他和未特指的损害	K13.709	腭咽闭合不全	K13	K13.7	FALSE		diagnosis	Other and unspecified lesions of oral mucosa	Other diseases of lip and oral mucosa	Other and unspecified lesions of oral mucosa	MEDIUM	K13.7	Other and unspecified lesions of oral mucosa	Other and unspecified lesions of oral mucosa	Other and unspecified lesions of oral mucosa	WHO_PARENT_INHERITED	WHO_ICD10
11 K00-K93 消化系统疾病	K00-K14 口腔、涎腺和颌疾病	K13	唇及口腔粘膜的其他疾病	K13.7	口腔粘膜其他和未特指的损害	K13.710	悬雍垂（腭垂）肥大	K13	K13.7	FALSE		diagnosis	Other and unspecified lesions of oral mucosa	Other diseases of lip and oral mucosa	Other and unspecified lesions of oral mucosa	MEDIUM	K13.7	Other and unspecified lesions of oral mucosa	Other and unspecified lesions of oral mucosa	hypertrophy of uvula(uvula)	CLINICAL_TRANSLATION	CLINICAL_TRANSLATION
11 K00-K93 消化系统疾病	K00-K14 口腔、涎腺和颌疾病	K13	唇及口腔粘膜的其他疾病	K13.7	口腔粘膜其他和未特指的损害	K13.711	悬雍垂（腭垂）息肉	K13	K13.7	FALSE		diagnosis	Other and unspecified lesions of oral mucosa	Other diseases of lip and oral mucosa	Other and unspecified lesions of oral mucosa	MEDIUM	K13.7	Other and unspecified lesions of oral mucosa	Other and unspecified lesions of oral mucosa	polyp of uvula(uvula)	CLINICAL_TRANSLATION	CLINICAL_TRANSLATION
11 K00-K93 消化系统疾病	K00-K14 口腔、涎腺和颌疾病	K13	唇及口腔粘膜的其他疾病	K13.7	口腔粘膜其他和未特指的损害	K13.714	软腭肿瘤放疗后畸形	K13	K13.7	FALSE		diagnosis	Other and unspecified lesions of oral mucosa	Other diseases of lip and oral mucosa	Other and unspecified lesions of oral mucosa	MEDIUM	K13.7	Other and unspecified lesions of oral mucosa	Other and unspecified lesions of oral mucosa	Other and unspecified lesions of oral mucosa	WHO_PARENT_INHERITED	WHO_ICD10
11 K00-K93 消化系统疾病	K00-K14 口腔、涎腺和颌疾病	K13	唇及口腔粘膜的其他疾病	K13.7	口腔粘膜其他和未特指的损害	K13.715	下颌前庭沟过浅	K13	K13.7	FALSE		diagnosis	Other and unspecified lesions of oral mucosa	Other diseases of lip and oral mucosa	Other and unspecified lesions of oral mucosa	MEDIUM	K13.7	Other and unspecified lesions of oral mucosa	Other and unspecified lesions of oral mucosa	Other and unspecified lesions of oral mucosa	WHO_PARENT_INHERITED	WHO_ICD10
11 K00-K93 消化系统疾病	K00-K14 口腔、涎腺和颌疾病	K14	舌疾病	K14.0	舌炎	K14.000	舌炎	K14	K14.0	FALSE		diagnosis	Glossitis	Diseases of tongue	Glossitis	HIGH	K14.0	Glossitis	Glossitis	Glossitis	WHO_EXACT	WHO_ICD10
11 K00-K93 消化系统疾病	K00-K14 口腔、涎腺和颌疾病	K14	舌疾病	K14.0	舌炎	K14.000x006	舌创伤性溃疡	K14	K14.000	TRUE	006	subtype	Glossitis	Diseases of tongue	Glossitis	LOW	K14.0	Glossitis	Glossitis	Traumatic ulcer of tongue	LOCAL_SUBTYPE_TRANSLATION	DENTAL_TERMINOLOGY
11 K00-K93 消化系统疾病	K00-K14 口腔、涎腺和颌疾病	K14	舌疾病	K14.0	舌炎	K14.000x007	舌部嗜酸性溃疡	K14	K14.000	TRUE	007	subtype	Glossitis	Diseases of tongue	Glossitis	LOW	K14.0	Glossitis	Glossitis	Eosinophilic ulcer of tongue	LOCAL_SUBTYPE_TRANSLATION	DENTAL_TERMINOLOGY
11 K00-K93 消化系统疾病	K00-K14 口腔、涎腺和颌疾病	K14	舌疾病	K14.0	舌炎	K14.001	舌脓肿	K14	K14.0	FALSE		diagnosis	Glossitis	Diseases of tongue	Glossitis	MEDIUM	K14.0	Glossitis	Glossitis	abscess of tongue	CLINICAL_TRANSLATION	CLINICAL_TRANSLATION
11 K00-K93 消化系统疾病	K00-K14 口腔、涎腺和颌疾病	K14	舌疾病	K14.0	舌炎	K14.002	舌炎性肿块	K14	K14.0	FALSE		diagnosis	Glossitis	Diseases of tongue	Glossitis	MEDIUM	K14.0	Glossitis	Glossitis	Glossitis	WHO_PARENT_INHERITED	WHO_ICD10
11 K00-K93 消化系统疾病	K00-K14 口腔、涎腺和颌疾病	K14	舌疾病	K14.0	舌炎	K14.003	舌溃疡	K14	K14.0	FALSE		diagnosis	Glossitis	Diseases of tongue	Glossitis	MEDIUM	K14.0	Glossitis	Glossitis	ulcer of tongue	CLINICAL_TRANSLATION	CLINICAL_TRANSLATION
11 K00-K93 消化系统疾病	K00-K14 口腔、涎腺和颌疾病	K14	舌疾病	K14.0	舌炎	K14.004	舌乳突炎	K14	K14.0	FALSE		diagnosis	Glossitis	Diseases of tongue	Glossitis	MEDIUM	K14.0	Glossitis	Glossitis	Glossitis	WHO_PARENT_INHERITED	WHO_ICD10
11 K00-K93 消化系统疾病	K00-K14 口腔、涎腺和颌疾病	K14	舌疾病	K14.1	地图样舌	K14.100	地图样舌	K14	K14.1	FALSE		diagnosis	Geographic tongue	Diseases of tongue	Geographic tongue	HIGH	K14.1	Geographic tongue	Geographic tongue	Geographic tongue	WHO_EXACT	WHO_ICD10
11 K00-K93 消化系统疾病	K00-K14 口腔、涎腺和颌疾病	K14	舌疾病	K14.1	地图样舌	K14.100x001	地图舌	K14	K14.100	TRUE	001	subtype	Geographic tongue	Diseases of tongue	Geographic tongue	LOW	K14.1	Geographic tongue	Geographic tongue	Geographic tongue	LOCAL_SUBTYPE_TRANSLATION	DENTAL_TERMINOLOGY
11 K00-K93 消化系统疾病	K00-K14 口腔、涎腺和颌疾病	K14	舌疾病	K14.1	地图样舌	K14.102	移行性舌炎	K14	K14.1	FALSE		diagnosis	Geographic tongue	Diseases of tongue	Geographic tongue	MEDIUM	K14.1	Geographic tongue	Geographic tongue	Geographic tongue	WHO_PARENT_INHERITED	WHO_ICD10
11 K00-K93 消化系统疾病	K00-K14 口腔、涎腺和颌疾病	K14	舌疾病	K14.2	正中菱形舌炎	K14.200	正中菱形舌炎	K14	K14.2	FALSE		diagnosis	Median rhomboid glossitis	Diseases of tongue	Median rhomboid glossitis	HIGH	K14.2	Median rhomboid glossitis	Median rhomboid glossitis	Median rhomboid glossitis	WHO_EXACT	WHO_ICD10
11 K00-K93 消化系统疾病	K00-K14 口腔、涎腺和颌疾病	K14	舌疾病	K14.3	舌乳头肥大	K14.300	舌乳头肥大	K14	K14.3	FALSE		diagnosis	Hypertrophy of tongue papillae	Diseases of tongue	Hypertrophy of tongue papillae	HIGH	K14.3	Hypertrophy of tongue papillae	Hypertrophy of tongue papillae	Hypertrophy of tongue papillae	WHO_EXACT	WHO_ICD10
11 K00-K93 消化系统疾病	K00-K14 口腔、涎腺和颌疾病	K14	舌疾病	K14.3	舌乳头肥大	K14.300x001	毛舌	K14	K14.300	TRUE	001	subtype	Hypertrophy of tongue papillae	Diseases of tongue	Hypertrophy of tongue papillae	LOW	K14.3	Hypertrophy of tongue papillae	Hypertrophy of tongue papillae	Hairy tongue	LOCAL_SUBTYPE_TRANSLATION	DENTAL_TERMINOLOGY
11 K00-K93 消化系统疾病	K00-K14 口腔、涎腺和颌疾病	K14	舌疾病	K14.3	舌乳头肥大	K14.300x003	舌苔	K14	K14.300	TRUE	003	subtype	Hypertrophy of tongue papillae	Diseases of tongue	Hypertrophy of tongue papillae	LOW	K14.3	Hypertrophy of tongue papillae	Hypertrophy of tongue papillae	Coated tongue	LOCAL_SUBTYPE_TRANSLATION	DENTAL_TERMINOLOGY
11 K00-K93 消化系统疾病	K00-K14 口腔、涎腺和颌疾病	K14	舌疾病	K14.3	舌乳头肥大	K14.300x004	叶状乳头肥大	K14	K14.300	TRUE	004	subtype	Hypertrophy of tongue papillae	Diseases of tongue	Hypertrophy of tongue papillae	LOW	K14.3	Hypertrophy of tongue papillae	Hypertrophy of tongue papillae	Hypertrophy of foliate papillae	LOCAL_SUBTYPE_TRANSLATION	DENTAL_TERMINOLOGY
11 K00-K93 消化系统疾病	K00-K14 口腔、涎腺和颌疾病	K14	舌疾病	K14.3	舌乳头肥大	K14.301	舌叶乳头增生	K14	K14.3	FALSE		diagnosis	Hypertrophy of tongue papillae	Diseases of tongue	Hypertrophy of tongue papillae	MEDIUM	K14.3	Hypertrophy of tongue papillae	Hypertrophy of tongue papillae	Hypertrophy of tongue papillae	WHO_PARENT_INHERITED	WHO_ICD10
11 K00-K93 消化系统疾病	K00-K14 口腔、涎腺和颌疾病	K14	舌疾病	K14.3	舌乳头肥大	K14.302	黑毛舌	K14	K14.3	FALSE		diagnosis	Hypertrophy of tongue papillae	Diseases of tongue	Hypertrophy of tongue papillae	MEDIUM	K14.3	Hypertrophy of tongue papillae	Hypertrophy of tongue papillae	Hypertrophy of tongue papillae	WHO_PARENT_INHERITED	WHO_ICD10
11 K00-K93 消化系统疾病	K00-K14 口腔、涎腺和颌疾病	K14	舌疾病	K14.4	舌乳头萎缩	K14.400	舌乳头萎缩	K14	K14.4	FALSE		diagnosis	Atrophy of tongue papillae	Diseases of tongue	Atrophy of tongue papillae	HIGH	K14.4	Atrophy of tongue papillae	Atrophy of tongue papillae	Atrophy of tongue papillae	WHO_EXACT	WHO_ICD10
11 K00-K93 消化系统疾病	K00-K14 口腔、涎腺和颌疾病	K14	舌疾病	K14.4	舌乳头萎缩	K14.400x001	光面舌	K14	K14.400	TRUE	001	subtype	Atrophy of tongue papillae	Diseases of tongue	Atrophy of tongue papillae	LOW	K14.4	Atrophy of tongue papillae	Atrophy of tongue papillae	Smooth tongue	LOCAL_SUBTYPE_TRANSLATION	DENTAL_TERMINOLOGY
11 K00-K93 消化系统疾病	K00-K14 口腔、涎腺和颌疾病	K14	舌疾病	K14.4	舌乳头萎缩	K14.401	萎缩性舌炎	K14	K14.4	FALSE		diagnosis	Atrophy of tongue papillae	Diseases of tongue	Atrophy of tongue papillae	MEDIUM	K14.4	Atrophy of tongue papillae	Atrophy of tongue papillae	Atrophy of tongue papillae	WHO_PARENT_INHERITED	WHO_ICD10
11 K00-K93 消化系统疾病	K00-K14 口腔、涎腺和颌疾病	K14	舌疾病	K14.5	裂沟舌	K14.500	裂沟舌	K14	K14.5	FALSE		diagnosis	Plicated tongue	Diseases of tongue	Plicated tongue	HIGH	K14.5	Plicated tongue	Plicated tongue	Plicated tongue	WHO_EXACT	WHO_ICD10
11 K00-K93 消化系统疾病	K00-K14 口腔、涎腺和颌疾病	K14	舌疾病	K14.5	裂沟舌	K14.500x001	裂纹舌	K14	K14.500	TRUE	001	subtype	Plicated tongue	Diseases of tongue	Plicated tongue	LOW	K14.5	Plicated tongue	Plicated tongue	Fissured tongue	LOCAL_SUBTYPE_TRANSLATION	DENTAL_TERMINOLOGY
11 K00-K93 消化系统疾病	K00-K14 口腔、涎腺和颌疾病	K14	舌疾病	K14.5	裂沟舌	K14.500x002	沟纹舌	K14	K14.500	TRUE	002	subtype	Plicated tongue	Diseases of tongue	Plicated tongue	LOW	K14.5	Plicated tongue	Plicated tongue	Fissured tongue	LOCAL_SUBTYPE_TRANSLATION	DENTAL_TERMINOLOGY
11 K00-K93 消化系统疾病	K00-K14 口腔、涎腺和颌疾病	K14	舌疾病	K14.6	舌痛	K14.600	舌痛	K14	K14.6	FALSE		diagnosis	Glossodynia	Diseases of tongue	Glossodynia	HIGH	K14.6	Glossodynia	Glossodynia	Glossodynia	WHO_EXACT	WHO_ICD10
11 K00-K93 消化系统疾病	K00-K14 口腔、涎腺和颌疾病	K14	舌疾病	K14.6	舌痛	K14.600x001	舌痛症	K14	K14.600	TRUE	001	subtype	Glossodynia	Diseases of tongue	Glossodynia	LOW	K14.6	Glossodynia	Glossodynia	Glossodynia	LOCAL_SUBTYPE_TRANSLATION	DENTAL_TERMINOLOGY
11 K00-K93 消化系统疾病	K00-K14 口腔、涎腺和颌疾病	K14	舌疾病	K14.8	舌其他的疾病	K14.800	舌其他的疾病	K14	K14.8	FALSE		diagnosis	Other diseases of tongue	Diseases of tongue	Other diseases of tongue	HIGH	K14.8	Other diseases of tongue	Other diseases of tongue	Other diseases of tongue	WHO_EXACT	WHO_ICD10
11 K00-K93 消化系统疾病	K00-K14 口腔、涎腺和颌疾病	K14	舌疾病	K14.8	舌其他的疾病	K14.800x003	舌瘘管	K14	K14.800	TRUE	003	subtype	Other diseases of tongue	Diseases of tongue	Other diseases of tongue	LOW	K14.8	Other diseases of tongue	Other diseases of tongue	Fistula of tongue	LOCAL_SUBTYPE_TRANSLATION	DENTAL_TERMINOLOGY
11 K00-K93 消化系统疾病	K00-K14 口腔、涎腺和颌疾病	K14	舌疾病	K14.8	舌其他的疾病	K14.800x005	舌畸形	K14	K14.800	TRUE	005	subtype	Other diseases of tongue	Diseases of tongue	Other diseases of tongue	LOW	K14.8	Other diseases of tongue	Other diseases of tongue	Deformity of tongue	LOCAL_SUBTYPE_TRANSLATION	DENTAL_TERMINOLOGY
11 K00-K93 消化系统疾病	K00-K14 口腔、涎腺和颌疾病	K14	舌疾病	K14.8	舌其他的疾病	K14.800x010	舌牙痕	K14	K14.800	TRUE	010	subtype	Other diseases of tongue	Diseases of tongue	Other diseases of tongue	LOW	K14.8	Other diseases of tongue	Other diseases of tongue	Scalloped tongue	LOCAL_SUBTYPE_TRANSLATION	DENTAL_TERMINOLOGY
11 K00-K93 消化系统疾病	K00-K14 口腔、涎腺和颌疾病	K14	舌疾病	K14.8	舌其他的疾病	K14.800x012	舌息肉	K14	K14.800	TRUE	012	subtype	Other diseases of tongue	Diseases of tongue	Other diseases of tongue	LOW	K14.8	Other diseases of tongue	Other diseases of tongue	Polyp of tongue	LOCAL_SUBTYPE_TRANSLATION	DENTAL_TERMINOLOGY
11 K00-K93 消化系统疾病	K00-K14 口腔、涎腺和颌疾病	K14	舌疾病	K14.8	舌其他的疾病	K14.800x013	舌粘连	K14	K14.800	TRUE	013	subtype	Other diseases of tongue	Diseases of tongue	Other diseases of tongue	LOW	K14.8	Other diseases of tongue	Other diseases of tongue	Tongue adhesion	LOCAL_SUBTYPE_TRANSLATION	DENTAL_TERMINOLOGY
11 K00-K93 消化系统疾病	K00-K14 口腔、涎腺和颌疾病	K14	舌疾病	K14.8	舌其他的疾病	K14.801	舌肉芽肿	K14	K14.8	FALSE		diagnosis	Other diseases of tongue	Diseases of tongue	Other diseases of tongue	MEDIUM	K14.8	Other diseases of tongue	Other diseases of tongue	granuloma of tongue	CLINICAL_TRANSLATION	CLINICAL_TRANSLATION
11 K00-K93 消化系统疾病	K00-K14 口腔、涎腺和颌疾病	K14	舌疾病	K14.8	舌其他的疾病	K14.802	舌出血	K14	K14.8	FALSE		diagnosis	Other diseases of tongue	Diseases of tongue	Other diseases of tongue	MEDIUM	K14.8	Other diseases of tongue	Other diseases of tongue	hemorrhage of tongue	CLINICAL_TRANSLATION	CLINICAL_TRANSLATION
11 K00-K93 消化系统疾病	K00-K14 口腔、涎腺和颌疾病	K14	舌疾病	K14.8	舌其他的疾病	K14.803	舌肥大	K14	K14.8	FALSE		diagnosis	Other diseases of tongue	Diseases of tongue	Other diseases of tongue	MEDIUM	K14.8	Other diseases of tongue	Other diseases of tongue	hypertrophy of tongue	CLINICAL_TRANSLATION	CLINICAL_TRANSLATION
11 K00-K93 消化系统疾病	K00-K14 口腔、涎腺和颌疾病	K14	舌疾病	K14.8	舌其他的疾病	K14.804	舌萎缩	K14	K14.8	FALSE		diagnosis	Other diseases of tongue	Diseases of tongue	Other diseases of tongue	MEDIUM	K14.8	Other diseases of tongue	Other diseases of tongue	atrophy of tongue	CLINICAL_TRANSLATION	CLINICAL_TRANSLATION
11 K00-K93 消化系统疾病	K00-K14 口腔、涎腺和颌疾病	K14	舌疾病	K14.8	舌其他的疾病	K14.805	舌囊肿	K14	K14.8	FALSE		diagnosis	Other diseases of tongue	Diseases of tongue	Other diseases of tongue	MEDIUM	K14.8	Other diseases of tongue	Other diseases of tongue	cyst of tongue	CLINICAL_TRANSLATION	CLINICAL_TRANSLATION
11 K00-K93 消化系统疾病	K00-K14 口腔、涎腺和颌疾病	K14	舌疾病	K14.8	舌其他的疾病	K14.807	舌肌阵挛	K14	K14.8	FALSE		diagnosis	Other diseases of tongue	Diseases of tongue	Other diseases of tongue	MEDIUM	K14.8	Other diseases of tongue	Other diseases of tongue	Other diseases of tongue	WHO_PARENT_INHERITED	WHO_ICD10
11 K00-K93 消化系统疾病	K00-K14 口腔、涎腺和颌疾病	K14	舌疾病	K14.8	舌其他的疾病	K14.808	舌瘢痕	K14	K14.8	FALSE		diagnosis	Other diseases of tongue	Diseases of tongue	Other diseases of tongue	MEDIUM	K14.8	Other diseases of tongue	Other diseases of tongue	scar of tongue	CLINICAL_TRANSLATION	CLINICAL_TRANSLATION
11 K00-K93 消化系统疾病	K00-K14 口腔、涎腺和颌疾病	K14	舌疾病	K14.8	舌其他的疾病	K14.809	舌尖瘘管	K14	K14.8	FALSE		diagnosis	Other diseases of tongue	Diseases of tongue	Other diseases of tongue	MEDIUM	K14.8	Other diseases of tongue	Other diseases of tongue	Other diseases of tongue	WHO_PARENT_INHERITED	WHO_ICD10
11 K00-K93 消化系统疾病	K00-K14 口腔、涎腺和颌疾病	K14	舌疾病	K14.9	舌未特指的疾病	K14.900	舌的疾病	K14	K14.9	FALSE		diagnosis	Disease of tongue, unspecified	Diseases of tongue	Disease of tongue, unspecified	HIGH	K14.9	Disease of tongue, unspecified	Disease of tongue, unspecified	Disease of tongue, unspecified	WHO_EXACT	WHO_ICD10
11 K00-K93 消化系统疾病	K00-K14 口腔、涎腺和颌疾病	K14	舌疾病	K14.9	舌未特指的疾病	K14.900x002	强直舌	K14	K14.900	TRUE	002	subtype	Disease of tongue, unspecified	Diseases of tongue	Disease of tongue, unspecified	LOW	K14.9	Disease of tongue, unspecified	Disease of tongue, unspecified	Ankyloglossia	LOCAL_SUBTYPE_TRANSLATION	DENTAL_TERMINOLOGY
11 K00-K93 消化系统疾病	K00-K14 口腔、涎腺和颌疾病	K14	舌疾病	K14.9	舌未特指的疾病	K14.900x003	舌的静脉曲张	K14	K14.900	TRUE	003	subtype	Disease of tongue, unspecified	Diseases of tongue	Disease of tongue, unspecified	LOW	K14.9	Disease of tongue, unspecified	Disease of tongue, unspecified	Varices of tongue	LOCAL_SUBTYPE_TRANSLATION	DENTAL_TERMINOLOGY
11 K00-K93 消化系统疾病	K00-K14 口腔、涎腺和颌疾病	K14	舌疾病	K14.9	舌未特指的疾病	K14.900x004	舌缺损	K14	K14.900	TRUE	004	subtype	Disease of tongue, unspecified	Diseases of tongue	Disease of tongue, unspecified	LOW	K14.9	Disease of tongue, unspecified	Disease of tongue, unspecified	Defect of tongue	LOCAL_SUBTYPE_TRANSLATION	DENTAL_TERMINOLOGY
11 K00-K93 消化系统疾病	K00-K14 口腔、涎腺和颌疾病	K14	舌疾病	K14.9	舌未特指的疾病	K14.901	舌肿物	K14	K14.9	FALSE		diagnosis	Disease of tongue, unspecified	Diseases of tongue	Disease of tongue, unspecified	MEDIUM	K14.9	Disease of tongue, unspecified	Disease of tongue, unspecified	mass of tongue	CLINICAL_TRANSLATION	CLINICAL_TRANSLATION
